MCC,MCC (int),MNC,MNC (int),ISO,Country,Country Code,Network
289,649,88,2191,ge,Abkhazia,7,A-Mobile
289,649,68,1679,ge,Abkhazia,7,A-Mobile
289,649,67,1663,ge,Abkhazia,7,Aquafon
289,649,299,665,ge,Abkhazia,7,Failed Calls
289,649,999,2457,ge,Abkhazia,7,Fix Line
412,1042,01,31,af,Afghanistan,93,AWCC
412,1042,50,1295,af,Afghanistan,93,Etisalat
412,1042,299,665,af,Afghanistan,93,Failed Calls
412,1042,999,2457,af,Afghanistan,93,Fix Line
412,1042,80,2063,af,Afghanistan,93,Mobifone
412,1042,88,2191,af,Afghanistan,93,Mobifone
412,1042,40,1039,af,Afghanistan,93,MTN
412,1042,20,527,af,Afghanistan,93,Roshan
276,630,03,63,al,Albania,355,ALBtelecom Mobile / Eagle
276,630,299,665,al,Albania,355,Failed Calls
276,630,999,2457,al,Albania,355,Fix Line
276,630,01,31,al,Albania,355,One / AMC
276,630,02,47,al,Albania,355,Vodafone
603,1539,02,47,dz,Algeria,213,Djezzy
603,1539,299,665,dz,Algeria,213,Failed Calls
603,1539,999,2457,dz,Algeria,213,Fix Line
603,1539,01,31,dz,Algeria,213,Mobilis
603,1539,03,63,dz,Algeria,213,Ooredoo
544,1348,780,1920,as,American Samoa,684,ASTCA Mobile
544,1348,11,287,as,American Samoa,684,BlueSky
544,1348,299,665,as,American Samoa,684,Failed Calls
544,1348,999,2457,as,American Samoa,684,Fix Line
213,531,03,63,ad,Andorra,376,Andorra Telecom / Mobiland
213,531,299,665,ad,Andorra,376,Failed Calls
213,531,999,2457,ad,Andorra,376,Fix Line
631,1585,299,665,ao,Angola,244,Failed Calls
631,1585,999,2457,ao,Angola,244,Fix Line
631,1585,04,79,ao,Angola,244,MoviCel
631,1585,02,47,ao,Angola,244,Unitel
365,869,850,2128,ai,Anguilla,1264,Digicel
365,869,299,665,ai,Anguilla,1264,Failed Calls
365,869,999,2457,ai,Anguilla,1264,Fix Line
365,869,840,2112,ai,Anguilla,1264,Flow
344,836,93,2367,ag,Antigua and Barbuda,1268,Digicel
344,836,930,2352,ag,Antigua and Barbuda,1268,Digicel
344,836,299,665,ag,Antigua and Barbuda,1268,Failed Calls
344,836,999,2457,ag,Antigua and Barbuda,1268,Fix Line
344,836,92,2351,ag,Antigua and Barbuda,1268,Flow
344,836,920,2336,ag,Antigua and Barbuda,1268,Flow
344,836,030,48,ag,Antigua and Barbuda,1268,imobile / APUA
344,836,03,63,ag,Antigua and Barbuda,1268,imobile / APUA
722,1826,031,49,ar,Argentina,54,Claro
722,1826,330,816,ar,Argentina,54,Claro
722,1826,320,800,ar,Argentina,54,Claro
722,1826,310,784,ar,Argentina,54,Claro
722,1826,299,665,ar,Argentina,54,Express
722,1826,999,2457,ar,Argentina,54,Fix Line
722,1826,299,665,ar,Argentina,54,Imowi
722,1826,299,665,ar,Argentina,54,IPLAN
722,1826,299,665,ar,Argentina,54,Kallofer
722,1826,010,16,ar,Argentina,54,Movistar
722,1826,007,7,ar,Argentina,54,Movistar
722,1826,070,112,ar,Argentina,54,Movistar
722,1826,299,665,ar,Argentina,54,Nuestro
722,1826,034,52,ar,Argentina,54,Personal
722,1826,299,665,ar,Argentina,54,Telecentro
722,1826,341,833,ar,Argentina,54,Personal
722,1826,340,832,ar,Argentina,54,Personal
283,643,01,31,am,Armenia,374,Beeline
283,643,299,665,am,Armenia,374,Failed Calls
283,643,999,2457,am,Armenia,374,Fix Line
283,643,04,79,am,Armenia,374,KT
283,643,10,271,am,Armenia,374,Orange
283,643,05,95,am,Armenia,374,Viva-MTS
363,867,02,47,aw,Aruba,297,Digicel
363,867,299,665,aw,Aruba,297,Failed Calls
363,867,999,2457,aw,Aruba,297,Fix Line
363,867,299,665,aw,Aruba,297,MIO
363,867,01,31,aw,Aruba,297,SETAR
505,1285,299,665,au,Australia,61,ACMA
505,1285,30,783,au,Australia,61,Compatel
505,1285,999,2457,au,Australia,61,Fix Line
505,1285,299,665,au,Australia,61,Get SIM
505,1285,19,415,au,Australia,61,Lycamobile
505,1285,35,863,au,Australia,61,MessageBird
505,1285,10,271,au,Australia,61,Norfolk Telecom
505,1285,90,2319,au,Australia,61,Optus
505,1285,50,1295,au,Australia,61,Pivotel
505,1285,88,2191,au,Australia,61,Pivotel
505,1285,13,319,au,Australia,61,RailCorp
505,1285,26,623,au,Australia,61,Sinch
505,1285,02,47,au,Australia,61,Optus
505,1285,299,665,au,Australia,61,Symbio
505,1285,39,927,au,Australia,61,Telstra
505,1285,72,1839,au,Australia,61,Telstra
505,1285,71,1823,au,Australia,61,Telstra
505,1285,01,31,au,Australia,61,Telstra
505,1285,11,287,au,Australia,61,Telstra
505,1285,16,367,au,Australia,61,VicTrack
505,1285,06,111,au,Australia,61,Vodafone
505,1285,07,127,au,Australia,61,Vodafone
505,1285,03,63,au,Australia,61,Vodafone
505,1285,12,303,au,Australia,61,Vodafone
232,562,05,95,at,Austria,43,3
232,562,14,335,at,Austria,43,3
232,562,16,367,at,Austria,43,3
232,562,10,271,at,Austria,43,3
232,562,19,415,at,Austria,43,3
232,562,11,287,at,Austria,43,A1 Telekom
232,562,01,31,at,Austria,43,A1 Telekom
232,562,09,159,at,Austria,43,A1 Telekom
232,562,12,303,at,Austria,43,A1 Telekom
232,562,02,47,at,Austria,43,A1 Telekom
232,562,299,665,at,Austria,43,ArgoNET
232,562,299,665,at,Austria,43,DIALOG telekom
232,562,299,665,at,Austria,43,Digital Privacy
232,562,299,665,at,Austria,43,DIMOCO
232,562,299,665,at,Austria,43,educom
232,562,999,2457,at,Austria,43,Fix Line
232,562,25,607,at,Austria,43,Holding Graz
232,562,299,665,at,Austria,43,Innsbrucker Kommunalbetriebe
232,562,299,665,at,Austria,43,kabelplus
232,562,299,665,at,Austria,43,Lenovo Connect
232,562,299,665,at,Austria,43,LINK Mobility
232,562,26,623,at,Austria,43,LIWEST Mobil
232,562,17,383,at,Austria,43,MRS
232,562,20,527,at,Austria,43,Mtel
232,562,91,2335,at,Austria,43,OBB Infrastruktur
232,562,22,559,at,Austria,43,Plintron
232,562,299,665,at,Austria,43,Simple SMS
232,562,299,665,at,Austria,43,Skymond Mobile
232,562,24,591,at,Austria,43,Smartel Services
232,562,18,399,at,Austria,43,smartspace
232,562,03,63,at,Austria,43,T-Mobile / Magenta
232,562,13,319,at,Austria,43,T-Mobile / Magenta
232,562,23,575,at,Austria,43,T-Mobile / Magenta
232,562,04,79,at,Austria,43,T-Mobile / Magenta
232,562,299,665,at,Austria,43,Telfoni
232,562,27,639,at,Austria,43,Tismi
232,562,07,127,at,Austria,43,Ventocom
400,1024,01,31,az,Azerbaijan,994,Azercell
400,1024,02,47,az,Azerbaijan,994,Bakcell
400,1024,299,665,az,Azerbaijan,994,Failed Calls
400,1024,999,2457,az,Azerbaijan,994,Fix Line
400,1024,03,63,az,Azerbaijan,994,FONEX
400,1024,04,79,az,Azerbaijan,994,Nar Mobile
400,1024,06,111,az,Azerbaijan,994,Naxtel
364,868,490,1168,bs,Bahamas,1242,Aliv
364,868,390,912,bs,Bahamas,1242,Cybercell / BaTelCo
364,868,30,783,bs,Bahamas,1242,Cybercell / BaTelCo
364,868,39,927,bs,Bahamas,1242,Cybercell / BaTelCo
364,868,299,665,bs,Bahamas,1242,Failed Calls
364,868,999,2457,bs,Bahamas,1242,Fix Line
426,1062,01,31,bh,Bahrain,973,Batelco
426,1062,299,665,bh,Bahrain,973,Failed Calls
426,1062,999,2457,bh,Bahrain,973,Fix Line
426,1062,05,95,bh,Bahrain,973,Royal Court
426,1062,04,79,bh,Bahrain,973,VIVA
426,1062,02,47,bh,Bahrain,973,Zain
470,1136,02,47,bd,Bangladesh,880,Airtel
470,1136,07,127,bd,Bangladesh,880,Airtel
470,1136,03,63,bd,Bangladesh,880,Banglalink
470,1136,299,665,bd,Bangladesh,880,Failed Calls
470,1136,999,2457,bd,Bangladesh,880,Fix Line
470,1136,01,31,bd,Bangladesh,880,GrameenPhone
470,1136,04,79,bd,Bangladesh,880,TeleTalk
342,834,050,80,bb,Barbados,1246,Digicel
342,834,299,665,bb,Barbados,1246,Failed Calls
342,834,999,2457,bb,Barbados,1246,Fix Line
342,834,600,1536,bb,Barbados,1246,Flow / Lime
342,834,299,665,bb,Barbados,1246,Ozone
257,599,04,79,by,Belarus,375,life:)
257,599,299,665,by,Belarus,375,Failed Calls
257,599,999,2457,by,Belarus,375,Fix Line
257,599,02,47,by,Belarus,375,MTS
257,599,01,31,by,Belarus,375,velcom A1
206,518,20,527,be,Belgium,32,Base
206,518,28,655,be,Belgium,32,BICS
206,518,25,607,be,Belgium,32,Dense Air
206,518,23,575,be,Belgium,32,Dust Mobile
206,518,33,831,be,Belgium,32,Ericsson
206,518,299,665,be,Belgium,32,FEBO
206,518,999,2457,be,Belgium,32,Fix Line
206,518,299,665,be,Belgium,32,GianCom
206,518,02,47,be,Belgium,32,Infrabel
206,518,299,665,be,Belgium,32,interactive digital media / IDM
206,518,299,665,be,Belgium,32,L-mobi
206,518,99,2463,be,Belgium,32,Lancelot
206,518,299,665,be,Belgium,32,Legos
206,518,06,111,be,Belgium,32,Lycamobile
206,518,30,783,be,Belgium,32,Mobile Vikings
206,518,10,271,be,Belgium,32,Mobistar / Orange
206,518,299,665,be,Belgium,32,Nord Connect
206,518,34,847,be,Belgium,32,onoff
206,518,299,665,be,Belgium,32,PM Factory
206,518,01,31,be,Belgium,32,Proximus
206,518,04,79,be,Belgium,32,Proximus
206,518,00,15,be,Belgium,32,Proximus
206,518,05,95,be,Belgium,32,Telenet
206,518,07,127,be,Belgium,32,Vectone Mobile
206,518,08,143,be,Belgium,32,VOOmobile
206,518,299,665,be,Belgium,32,Voxbone / Bandwidth
702,1794,67,1663,bz,Belize,501,DigiCell
702,1794,299,665,bz,Belize,501,Failed Calls
702,1794,999,2457,bz,Belize,501,Fix Line
702,1794,099,153,bz,Belize,501,Smart
702,1794,69,1695,bz,Belize,501,Smart
616,1558,299,665,bj,Benin,229,Failed Calls
616,1558,999,2457,bj,Benin,229,Fix Line
616,1558,02,47,bj,Benin,229,Moov
616,1558,03,63,bj,Benin,229,MTN
350,848,01,31,bm,Bermuda,1441,Digicel
350,848,299,665,bm,Bermuda,1441,Failed Calls
350,848,999,2457,bm,Bermuda,1441,Fix Line
350,848,000,0,bm,Bermuda,1441,One
402,1026,17,383,bt,Bhutan,975,B-Mobile
402,1026,11,287,bt,Bhutan,975,B-Mobile
402,1026,999,2457,bt,Bhutan,975,Fix Line
402,1026,77,1919,bt,Bhutan,975,TashiCell
736,1846,02,47,bo,Bolivia,591,Entel Movil
736,1846,299,665,bo,Bolivia,591,Failed Calls
736,1846,999,2457,bo,Bolivia,591,Fix Line
736,1846,03,63,bo,Bolivia,591,Tigo
736,1846,01,31,bo,Bolivia,591,Viva
218,536,90,2319,ba,Bosnia and Herzegovina,387,BH Mobile
218,536,03,63,ba,Bosnia and Herzegovina,387,Eronet
218,536,299,665,ba,Bosnia and Herzegovina,387,Failed Calls
218,536,999,2457,ba,Bosnia and Herzegovina,387,Fix Line
218,536,05,95,ba,Bosnia and Herzegovina,387,m:tel
652,1618,04,79,bw,Botswana,267,beMobile
652,1618,299,665,bw,Botswana,267,Failed Calls
652,1618,999,2457,bw,Botswana,267,Fix Line
652,1618,01,31,bw,Botswana,267,Mascom
652,1618,02,47,bw,Botswana,267,Orange
724,1828,32,815,br,Brazil,55,Algar Telecom
724,1828,33,831,br,Brazil,55,Algar Telecom
724,1828,34,847,br,Brazil,55,Algar Telecom
724,1828,26,623,br,Brazil,55,Americanet
724,1828,299,665,br,Brazil,55,ARQIA
724,1828,299,665,br,Brazil,55,Bbs Options
724,1828,299,665,br,Brazil,55,Cinco
724,1828,05,95,br,Brazil,55,Claro
724,1828,38,911,br,Brazil,55,Claro
724,1828,299,665,br,Brazil,55,Failed Calls
724,1828,999,2457,br,Brazil,55,Fix Line
724,1828,21,543,br,Brazil,55,Ligue
724,1828,39,927,br,Brazil,55,Nextel
724,1828,00,15,br,Brazil,55,Nextel
724,1828,299,665,br,Brazil,55,NLT
724,1828,16,367,br,Brazil,55,Oi Movel
724,1828,31,799,br,Brazil,55,Oi Movel
724,1828,15,351,br,Brazil,55,Sercomtel
724,1828,17,383,br,Brazil,55,Surf
724,1828,299,665,br,Brazil,55,Telecall
724,1828,03,63,br,Brazil,55,TIM
724,1828,02,47,br,Brazil,55,TIM
724,1828,54,1359,br,Brazil,55,TIM
724,1828,04,79,br,Brazil,55,TIM
724,1828,299,665,br,Brazil,55,Vecto Mobile
724,1828,10,271,br,Brazil,55,Vivo
724,1828,11,287,br,Brazil,55,Vivo
724,1828,23,575,br,Brazil,55,Vivo
724,1828,06,111,br,Brazil,55,Vivo
348,840,570,1392,vg,British Virgin Islands,284,CCT
348,840,770,1904,vg,British Virgin Islands,284,Digicel
348,840,299,665,vg,British Virgin Islands,284,Failed Calls
348,840,999,2457,vg,British Virgin Islands,284,Fix Line
348,840,170,368,vg,British Virgin Islands,284,Flow
528,1320,02,47,bn,Brunei,673,B-Mobile
528,1320,11,287,bn,Brunei,673,DST
528,1320,03,63,bn,Brunei,673,DST
528,1320,299,665,bn,Brunei,673,Failed Calls
528,1320,999,2457,bn,Brunei,673,Fix Line
284,644,01,31,bg,Bulgaria,359,A1
284,644,11,287,bg,Bulgaria,359,Bulsatcom
284,644,299,665,bg,Bulgaria,359,Failed Calls
284,644,999,2457,bg,Bulgaria,359,Fix Line
284,644,13,319,bg,Bulgaria,359,T.com
284,644,05,95,bg,Bulgaria,359,Telenor
284,644,03,63,bg,Bulgaria,359,Vivacom
613,1555,299,665,bf,Burkina Faso,226,Failed Calls
613,1555,999,2457,bf,Burkina Faso,226,Fix Line
613,1555,02,47,bf,Burkina Faso,226,Orange
613,1555,03,63,bf,Burkina Faso,226,Telecel
613,1555,01,31,bf,Burkina Faso,226,Telmob
642,1602,999,2457,bi,Burundi,257,Fix	Line
642,1602,01,31,bi,Burundi,257,Leo
642,1602,82,2095,bi,Burundi,257,Leo
642,1602,08,143,bi,Burundi,257,Lumitel
642,1602,03,63,bi,Burundi,257,ONAMOB
642,1602,07,127,bi,Burundi,257,Smart
456,1110,04,79,kh,Cambodia,855,QB
456,1110,01,31,kh,Cambodia,855,Cellcard
456,1110,299,665,kh,Cambodia,855,CooTel
456,1110,299,665,kh,Cambodia,855,Failed Calls
456,1110,999,2457,kh,Cambodia,855,Fix Line
456,1110,08,143,kh,Cambodia,855,Metfone
456,1110,299,665,kh,Cambodia,855,MPTC
456,1110,11,287,kh,Cambodia,855,Seatel
456,1110,02,47,kh,Cambodia,855,Smart
456,1110,06,111,kh,Cambodia,855,Smart
456,1110,05,95,kh,Cambodia,855,Smart
624,1572,299,665,cm,Cameroon,237,Failed Calls
624,1572,999,2457,cm,Cameroon,237,Fix Line
624,1572,01,31,cm,Cameroon,237,MTN
624,1572,04,79,cm,Cameroon,237,Nextel
624,1572,02,47,cm,Cameroon,237,Orange
302,770,690,1680,ca,Canada,1,Bell Mobility
302,770,610,1552,ca,Canada,1,Bell Mobility
302,770,630,1584,ca,Canada,1,Bell Mobility
302,770,660,1632,ca,Canada,1,Bell Mobility
302,770,64,1615,ca,Canada,1,Bell Mobility
302,770,69,1695,ca,Canada,1,Bell Mobility
302,770,640,1600,ca,Canada,1,Bell Mobility
302,770,61,1567,ca,Canada,1,Bell Mobility
302,770,66,1647,ca,Canada,1,Bell Mobility
302,770,63,1599,ca,Canada,1,Bell Mobility
302,770,270,624,ca,Canada,1,eastlink
302,770,299,665,ca,Canada,1,Failed Calls
302,770,37,895,ca,Canada,1,Fido
302,770,370,880,ca,Canada,1,Fido
302,770,999,2457,ca,Canada,1,Fix Line
302,770,49,1183,ca,Canada,1,Freedom Mobile
302,770,491,1169,ca,Canada,1,Freedom Mobile
302,770,490,1168,ca,Canada,1,Freedom Mobile
302,770,620,1568,ca,Canada,1,Ice Wireless
302,770,62,1583,ca,Canada,1,Ice Wireless
302,770,380,896,ca,Canada,1,K-Net Mobile
302,770,530,1328,ca,Canada,1,K-Net Mobile
302,770,38,911,ca,Canada,1,K-Net Mobile
302,770,53,1343,ca,Canada,1,K-Net Mobile
302,770,820,2080,ca,Canada,1,Rogers
302,770,72,1839,ca,Canada,1,Rogers
302,770,720,1824,ca,Canada,1,Rogers
302,770,721,1825,ca,Canada,1,Rogers
302,770,32,815,ca,Canada,1,Rogers
302,770,82,2095,ca,Canada,1,Rogers
302,770,320,800,ca,Canada,1,Rogers
302,770,681,1665,ca,Canada,1,SaskTel Mobility
302,770,680,1664,ca,Canada,1,SaskTel Mobility
302,770,780,1920,ca,Canada,1,SaskTel Mobility
302,770,781,1921,ca,Canada,1,SaskTel Mobility
302,770,68,1679,ca,Canada,1,SaskTel Mobility
302,770,750,1872,ca,Canada,1,SaskTel Mobility
302,770,75,1887,ca,Canada,1,SaskTel Mobility
302,770,78,1935,ca,Canada,1,SaskTel Mobility
302,770,860,2144,ca,Canada,1,Telus Mobility
302,770,22,559,ca,Canada,1,Telus Mobility
302,770,76,1903,ca,Canada,1,Telus Mobility
302,770,22,559,ca,Canada,1,Telus Mobility
302,770,360,864,ca,Canada,1,Telus Mobility
302,770,86,2159,ca,Canada,1,Telus Mobility
302,770,221,545,ca,Canada,1,Telus Mobility
302,770,36,879,ca,Canada,1,Telus Mobility
302,770,760,1888,ca,Canada,1,Telus Mobility
302,770,220,544,ca,Canada,1,Telus Mobility
302,770,520,1312,ca,Canada,1,Videotron
302,770,51,1311,ca,Canada,1,Videotron
302,770,50,1295,ca,Canada,1,Videotron
302,770,500,1280,ca,Canada,1,Videotron
302,770,510,1296,ca,Canada,1,Videotron
302,770,299,665,ca,Canada,1,Xplore Mobile
625,1573,01,31,cv,Cape Verde,238,CVMovel
625,1573,299,665,cv,Cape Verde,238,Failed Calls
625,1573,999,2457,cv,Cape Verde,238,Fix Line
625,1573,02,47,cv,Cape Verde,238,Unitel T+
346,838,050,80,ky,Cayman Islands,1345,Digicel
346,838,299,665,ky,Cayman Islands,1345,Failed Calls
346,838,999,2457,ky,Cayman Islands,1345,Fix Line
346,838,140,320,ky,Cayman Islands,1345,Flow / Lime
346,838,001,1,ky,Cayman Islands,1345,Logic
623,1571,04,79,cf,Central African Republic,236,Azur
623,1571,299,665,cf,Central African Republic,236,Failed Calls
623,1571,999,2457,cf,Central African Republic,236,Fix Line
623,1571,01,31,cf,Central African Republic,236,Moov
623,1571,03,63,cf,Central African Republic,236,Orange
623,1571,299,665,cf,Central African Republic,236,Socatel
623,1571,02,47,cf,Central African Republic,236,Telecel
622,1570,01,31,td,Chad,235,Airtel
622,1570,299,665,td,Chad,235,Failed Calls
622,1570,999,2457,td,Chad,235,Fix Line
622,1570,03,63,td,Chad,235,Moov
622,1570,04,79,td,Chad,235,Salam
730,1840,299,665,cl,Chile,56,Boby
730,1840,299,665,cl,Chile,56,CellOPS
730,1840,22,559,cl,Chile,56,Cellplus
730,1840,11,287,cl,Chile,56,Celupago
730,1840,27,639,cl,Chile,56,Cibeles Telecom
730,1840,15,351,cl,Chile,56,Cibeles Telecom
730,1840,23,575,cl,Chile,56,Claro
730,1840,03,63,cl,Chile,56,Claro
730,1840,17,383,cl,Chile,56,Compatel
730,1840,299,665,cl,Chile,56,Dotcom
730,1840,18,399,cl,Chile,56,Empresas Bunker
730,1840,01,31,cl,Chile,56,Entel
730,1840,10,271,cl,Chile,56,Entel
730,1840,299,665,cl,Chile,56,Failed Calls
730,1840,999,2457,cl,Chile,56,Fix Line
730,1840,299,665,cl,Chile,56,GTD Movil
730,1840,299,665,cl,Chile,56,Industel
730,1840,06,111,cl,Chile,56,INNET
730,1840,20,527,cl,Chile,56,Inversiones Santa Fe
730,1840,299,665,cl,Chile,56,Mavi
730,1840,299,665,cl,Chile,56,Mobilink
730,1840,19,415,cl,Chile,56,Movil Falabella
730,1840,02,47,cl,Chile,56,Movistar
730,1840,07,127,cl,Chile,56,Movistar
730,1840,299,665,cl,Chile,56,Mundo Pacifico
730,1840,14,335,cl,Chile,56,Netline
730,1840,299,665,cl,Chile,56,NetUno
730,1840,16,367,cl,Chile,56,Nomade Telecomunicaciones
730,1840,299,665,cl,Chile,56,Quantax
730,1840,299,665,cl,Chile,56,RedVoiss
730,1840,299,665,cl,Chile,56,Simple
730,1840,299,665,cl,Chile,56,Swedcom
730,1840,299,665,cl,Chile,56,Telcomax
730,1840,299,665,cl,Chile,56,Telefonica Uno Uno Cuatro
730,1840,12,303,cl,Chile,56,Telestar
730,1840,299,665,cl,Chile,56,Television Interactiva
730,1840,13,319,cl,Chile,56,Virgin Mobile
730,1840,299,665,cl,Chile,56,VOIP Analysis
730,1840,08,143,cl,Chile,56,VTR Movil
730,1840,05,95,cl,Chile,56,WOM
730,1840,04,79,cl,Chile,56,WOM
730,1840,09,159,cl,Chile,56,WOM
460,1120,04,79,cn,China,86,China Mobile
460,1120,00,15,cn,China,86,China Mobile
460,1120,07,127,cn,China,86,China Mobile
460,1120,08,143,cn,China,86,China Mobile
460,1120,02,47,cn,China,86,China Mobile
460,1120,11,287,cn,China,86,China Telecom
460,1120,03,63,cn,China,86,China Telecom
460,1120,12,303,cn,China,86,China Telecom
460,1120,09,159,cn,China,86,China Unicom
460,1120,06,111,cn,China,86,China Unicom
460,1120,10,271,cn,China,86,China Unicom
460,1120,01,31,cn,China,86,China Unicom
460,1120,299,665,cn,China,86,Failed Calls
460,1120,999,2457,cn,China,86,Fix Line
732,1842,299,665,co,Colombia,57,ATnet
732,1842,130,304,co,Colombia,57,Avantel
732,1842,101,257,co,Colombia,57,Claro
732,1842,666,1638,co,Colombia,57,Claro
732,1842,002,2,co,Colombia,57,Edatel
732,1842,187,391,co,Colombia,57,eTb
732,1842,299,665,co,Colombia,57,Eztalk Mobile
732,1842,999,2457,co,Colombia,57,Fix Line
732,1842,240,576,co,Colombia,57,Flash Mobile
732,1842,299,665,co,Colombia,57,Gomobile
732,1842,220,544,co,Colombia,57,Libre Tecnologias
732,1842,299,665,co,Colombia,57,Movil Exito
732,1842,001,1,co,Colombia,57,Movistar
732,1842,123,291,co,Colombia,57,Movistar
732,1842,299,665,co,Colombia,57,Plintron
732,1842,230,560,co,Colombia,57,Setroc Mobile
732,1842,199,409,co,Colombia,57,SUMA movil
732,1842,103,259,co,Colombia,57,Tigo
732,1842,165,357,co,Colombia,57,Tigo
732,1842,111,273,co,Colombia,57,Tigo
732,1842,299,665,co,Colombia,57,TuCEL
732,1842,142,322,co,Colombia,57,UNE
732,1842,020,32,co,Colombia,57,UNE
732,1842,299,665,co,Colombia,57,Vilacom Mobile
732,1842,154,340,co,Colombia,57,Virgin Mobile
732,1842,360,864,co,Colombia,57,WOM
654,1620,299,665,km,Comoros,269,Failed Calls
654,1620,999,2457,km,Comoros,269,Fix Line
654,1620,01,31,km,Comoros,269,HURI
654,1620,02,47,km,Comoros,269,Telma
629,1577,01,31,cg,Congo,242,Airtel
629,1577,299,665,cg,Congo,242,Failed Calls
629,1577,999,2457,cg,Congo,242,Fix Line
629,1577,10,271,cg,Congo,242,MTN
629,1577,07,127,cg,Congo,242,Warid
548,1352,01,31,ck,Cook Islands,682,Vodafone / Bluesky
548,1352,299,665,ck,Cook Islands,682,Failed Calls
548,1352,999,2457,ck,Cook Islands,682,Fix Line
712,1810,03,63,cr,Costa Rica,506,Claro
712,1810,299,665,cr,Costa Rica,506,Failed Calls
712,1810,999,2457,cr,Costa Rica,506,Fix Line
712,1810,01,31,cr,Costa Rica,506,Kolbi / ICE
712,1810,02,47,cr,Costa Rica,506,Kolbi / ICE
712,1810,04,79,cr,Costa Rica,506,Movistar
712,1810,299,665,cr,Costa Rica,506,MultiCom
712,1810,299,665,cr,Costa Rica,506,racsa
712,1810,299,665,cr,Costa Rica,506,Tuyo Movil
219,537,10,271,hr,Croatia,385,A1 / VIP
219,537,299,665,hr,Croatia,385,Failed Calls
219,537,999,2457,hr,Croatia,385,Fix Line
219,537,01,31,hr,Croatia,385,T-Mobile
219,537,12,303,hr,Croatia,385,TELE FOCUS
219,537,02,47,hr,Croatia,385,Telemach / Tele2
368,872,01,31,cu,Cuba,53,Cubacel
368,872,299,665,cu,Cuba,53,Failed Calls
368,872,999,2457,cu,Cuba,53,Fix Line
368,872,299,665,cu,Cuba,53,MoviTel
280,640,22,559,cy,Cyprus,357,Cablenet / Lemontel
280,640,01,31,cy,Cyprus,357,Cytamobile-Vodafone
280,640,02,47,cy,Cyprus,357,Cytamobile-Vodafone
280,640,10,271,cy,Cyprus,357,Epic / MTN
280,640,299,665,cy,Cyprus,357,Failed Calls
280,640,999,2457,cy,Cyprus,357,Fix Line
280,640,20,527,cy,Cyprus,357,PrimeTel
230,560,299,665,cz,Czech Republic,420,+4U Mobile
230,560,299,665,cz,Czech Republic,420,3ton
230,560,299,665,cz,Czech Republic,420,CEZ
230,560,08,143,cz,Czech Republic,420,Compatel
230,560,299,665,cz,Czech Republic,420,Dragon
230,560,299,665,cz,Czech Republic,420,EriMobile
230,560,299,665,cz,Czech Republic,420,Failed Calls
230,560,299,665,cz,Czech Republic,420,Fayn
230,560,999,2457,cz,Czech Republic,420,Fix Line
230,560,299,665,cz,Czech Republic,420,GoMobil
230,560,299,665,cz,Czech Republic,420,ha-loo mobil
230,560,299,665,cz,Czech Republic,420,Laudatio
230,560,299,665,cz,Czech Republic,420,METRONET
230,560,299,665,cz,Czech Republic,420,MOBIL21
230,560,299,665,cz,Czech Republic,420,Nej Mobil
230,560,299,665,cz,Czech Republic,420,NETBOX Mobil
230,560,04,79,cz,Czech Republic,420,Nordic Telecom
230,560,02,47,cz,Czech Republic,420,O2
230,560,299,665,cz,Czech Republic,420,Odorik
230,560,05,95,cz,Czech Republic,420,PODA
230,560,299,665,cz,Czech Republic,420,SAZKA
230,560,299,665,cz,Czech Republic,420,SZDC
230,560,98,2447,cz,Czech Republic,420,SZDC
230,560,07,127,cz,Czech Republic,420,T-Mobile
230,560,01,31,cz,Czech Republic,420,T-Mobile
230,560,299,665,cz,Czech Republic,420,Tesco Mobile
230,560,299,665,cz,Czech Republic,420,TOPefekt
230,560,299,665,cz,Czech Republic,420,TT Quality
230,560,299,665,cz,Czech Republic,420,Uniphone
230,560,09,159,cz,Czech Republic,420,Uniphone
230,560,03,63,cz,Czech Republic,420,Vodafone
630,1584,90,2319,cd,Democratic Republic of Congo,243,Africell
630,1584,02,47,cd,Democratic Republic of Congo,243,Airtel
630,1584,299,665,cd,Democratic Republic of Congo,243,Failed Calls
630,1584,999,2457,cd,Democratic Republic of Congo,243,Fix Line
630,1584,86,2159,cd,Democratic Republic of Congo,243,Orange
630,1584,05,95,cd,Democratic Republic of Congo,243,Supercell
630,1584,299,665,cd,Democratic Republic of Congo,243,Tatem
630,1584,01,31,cd,Democratic Republic of Congo,243,Vodacom
630,1584,88,2191,cd,Democratic Republic of Congo,243,Yozma Timeturns
238,568,06,111,dk,Denmark,45,3
238,568,299,665,dk,Denmark,45,42 Telecom
238,568,299,665,dk,Denmark,45,5Tel
238,568,23,575,dk,Denmark,45,Banedanmark
238,568,299,665,dk,Denmark,45,Benemen
238,568,299,665,dk,Denmark,45,Bolignet-Aarhus
238,568,299,665,dk,Denmark,45,CBB Mobil
238,568,299,665,dk,Denmark,45,celfon
238,568,88,2191,dk,Denmark,45,Cobira
238,568,299,665,dk,Denmark,45,Companymobile
238,568,13,319,dk,Denmark,45,Compatel
238,568,299,665,dk,Denmark,45,Comtalk
238,568,299,665,dk,Denmark,45,Evercall
238,568,299,665,dk,Denmark,45,Failed Calls
238,568,299,665,dk,Denmark,45,Firmafon
238,568,299,665,dk,Denmark,45,Firstcom
238,568,999,2457,dk,Denmark,45,Fix Line
238,568,17,383,dk,Denmark,45,Gotanet
238,568,42,1071,dk,Denmark,45,Greenwave
238,568,299,665,dk,Denmark,45,ipnordic
238,568,299,665,dk,Denmark,45,Ipvision
238,568,299,665,dk,Denmark,45,Lancelot
238,568,299,665,dk,Denmark,45,Lebara
238,568,28,655,dk,Denmark,45,LINK Mobility
238,568,12,303,dk,Denmark,45,Lycamobile
238,568,299,665,dk,Denmark,45,Maxtel.dk
238,568,299,665,dk,Denmark,45,MI Carrier Services
238,568,299,665,dk,Denmark,45,Mitto
238,568,299,665,dk,Denmark,45,Mobiweb
238,568,14,335,dk,Denmark,45,Monty Mobile
238,568,15,351,dk,Denmark,45,Net 1
238,568,04,79,dk,Denmark,45,Nexcon.io
238,568,299,665,dk,Denmark,45,NextM2M
238,568,73,1855,dk,Denmark,45,Onomondo
238,568,30,783,dk,Denmark,45,Pareteum
238,568,299,665,dk,Denmark,45,SimService
238,568,03,63,dk,Denmark,45,Syniverse
238,568,10,271,dk,Denmark,45,TDC
238,568,01,31,dk,Denmark,45,TDC
238,568,77,1919,dk,Denmark,45,Telenor
238,568,02,47,dk,Denmark,45,Telenor
238,568,299,665,dk,Denmark,45,Telenor Connexion
238,568,20,527,dk,Denmark,45,Telia
238,568,96,2415,dk,Denmark,45,Telia
238,568,16,367,dk,Denmark,45,Tismi
238,568,299,665,dk,Denmark,45,Tripple Track
238,568,299,665,dk,Denmark,45,Uni-tel
238,568,25,607,dk,Denmark,45,Viahub
238,568,299,665,dk,Denmark,45,Viptel
238,568,08,143,dk,Denmark,45,Voxbone / Bandwidth
310,784,299,665,dg,Diego Garcia,246,Failed Calls
310,784,999,2457,dg,Diego Garcia,246,Fix Line
310,784,299,665,dg,Diego Garcia,246,Sure
638,1592,01,31,dj,Djibouti,253,Evatis
638,1592,299,665,dj,Djibouti,253,Failed Calls
638,1592,999,2457,dj,Djibouti,253,Fix Line
366,870,050,80,dm,Dominica,1767,Digicel
366,870,299,665,dm,Dominica,1767,Failed Calls
366,870,999,2457,dm,Dominica,1767,Fix Line
366,870,110,272,dm,Dominica,1767,Flow
370,880,02,47,do,Dominican Republic,1809,Claro
370,880,299,665,do,Dominican Republic,1809,Failed Calls
370,880,999,2457,do,Dominican Republic,1809,Fix Line
370,880,01,31,do,Dominican Republic,1809,Orange / Altice
370,880,299,665,do,Dominican Republic,1809,Satel
370,880,04,79,do,Dominican Republic,1809,Viva
514,1300,299,665,tl,East Timor,670,Failed Calls
514,1300,999,2457,tl,East Timor,670,Fix Line
514,1300,03,63,tl,East Timor,670,Telemor
514,1300,01,31,tl,East Timor,670,Telkomcel
514,1300,02,47,tl,East Timor,670,Timor Telecom
740,1856,01,31,ec,Ecuador,593,Claro
740,1856,02,47,ec,Ecuador,593,CNT movil
740,1856,299,665,ec,Ecuador,593,Failed Calls
740,1856,999,2457,ec,Ecuador,593,Fix Line
740,1856,00,15,ec,Ecuador,593,Movistar
602,1538,03,63,eg,Egypt,20,Etisalat
602,1538,299,665,eg,Egypt,20,Failed Calls
602,1538,999,2457,eg,Egypt,20,Fix Line
602,1538,01,31,eg,Egypt,20,Orange
602,1538,02,47,eg,Egypt,20,Vodafone
602,1538,04,79,eg,Egypt,20,WE
706,1798,01,31,sv,El Salvador,503,Claro
706,1798,02,47,sv,El Salvador,503,Digicel
706,1798,299,665,sv,El Salvador,503,Failed Calls
706,1798,999,2457,sv,El Salvador,503,Fix Line
706,1798,04,79,sv,El Salvador,503,Movistar
706,1798,05,95,sv,El Salvador,503,RED
706,1798,03,63,sv,El Salvador,503,Tigo
627,1575,299,665,gq,Equatorial Guinea,240,Failed Calls
627,1575,999,2457,gq,Equatorial Guinea,240,Fix Line
627,1575,03,63,gq,Equatorial Guinea,240,Muni
627,1575,01,31,gq,Equatorial Guinea,240,Orange
657,1623,01,31,er,Eritrea,291,Eritel
657,1623,299,665,er,Eritrea,291,Failed Calls
657,1623,999,2457,er,Eritrea,291,Fix Line
248,584,02,47,ee,Estonia,372,Elisa
248,584,299,665,ee,Estonia,372,Failed Calls
248,584,999,2457,ee,Estonia,372,Fix Line
248,584,03,63,ee,Estonia,372,Tele2
248,584,13,319,ee,Estonia,372,Telia
248,584,01,31,ee,Estonia,372,Telia
248,584,04,79,ee,Estonia,372,TravelSim
636,1590,01,31,et,Ethiopia,251,Ethio Mobile
636,1590,299,665,et,Ethiopia,251,Failed Calls
636,1590,999,2457,et,Ethiopia,251,Fix Line
750,1872,299,665,fk,Falkland Islands,500,Failed Calls
750,1872,999,2457,fk,Falkland Islands,500,Fix Line
750,1872,001,1,fk,Falkland Islands,500,Sure
288,648,299,665,fo,Faroe Islands,298,Failed Calls
288,648,01,31,fo,Faroe Islands,298,Faroese Telecom
288,648,999,2457,fo,Faroe Islands,298,Fix Line
288,648,02,47,fo,Faroe Islands,298,Hey / Kall
288,648,03,63,fo,Faroe Islands,298,Tosa
542,1346,02,47,fj,Fiji,679,DigiCell
542,1346,299,665,fj,Fiji,679,Failed Calls
542,1346,999,2457,fj,Fiji,679,Fix Line
542,1346,01,31,fj,Fiji,679,Vodafone
244,580,14,335,fi,Finland,358,Alcom
244,580,299,665,fi,Finland,358,Benemen
244,580,26,623,fi,Finland,358,Compatel
244,580,299,665,fi,Finland,358,Cuuma
244,580,03,63,fi,Finland,358,DNA
244,580,12,303,fi,Finland,358,DNA
244,580,04,79,fi,Finland,358,DNA
244,580,13,319,fi,Finland,358,DNA
244,580,06,111,fi,Finland,358,Elisa
244,580,21,543,fi,Finland,358,Elisa
244,580,05,95,fi,Finland,358,Elisa
244,580,299,665,fi,Finland,358,Failed Calls
244,580,999,2457,fi,Finland,358,Fix Line
244,580,299,665,fi,Finland,358,interactive digital media / IDM
244,580,299,665,fi,Finland,358,IPIFY
244,580,299,665,fi,Finland,358,Lancelot
244,580,299,665,fi,Finland,358,MI Carrier Services
244,580,299,665,fi,Finland,358,MobiWeb
244,580,24,591,fi,Finland,358,Nord Connect
244,580,38,911,fi,Finland,358,NSN
244,580,08,143,fi,Finland,358,NSN
244,580,09,159,fi,Finland,358,NSN
244,580,39,927,fi,Finland,358,NSN
244,580,41,1055,fi,Finland,358,NSN
244,580,40,1039,fi,Finland,358,NSN
244,580,07,127,fi,Finland,358,NSN
244,580,299,665,fi,Finland,358,RAILI
244,580,43,1087,fi,Finland,358,Telavox
244,580,91,2335,fi,Finland,358,Telia
244,580,36,879,fi,Finland,358,Telia
244,580,15,351,fi,Finland,358,Telit
244,580,37,895,fi,Finland,358,Tismi
244,580,299,665,fi,Finland,358,TravelSim
244,580,299,665,fi,Finland,358,Twilio
244,580,35,863,fi,Finland,358,Ukko Mobile
244,580,42,1071,fi,Finland,358,Viahub
244,580,46,1135,fi,Finland,358,VIRVE
244,580,33,831,fi,Finland,358,VIRVE
244,580,45,1119,fi,Finland,358,VIRVE
244,580,47,1151,fi,Finland,358,VIRVE
244,580,32,815,fi,Finland,358,Voxbone / Bandwidth
208,520,299,665,fr,France,33,Add-On Multimedia
208,520,299,665,fr,France,33,Afone Mobile
208,520,28,655,fr,France,33,Airmob
208,520,299,665,fr,France,33,Alphalink
208,520,299,665,fr,France,33,Alphalink
208,520,299,665,fr,France,33,Annatel
208,520,299,665,fr,France,33,Atlas
208,520,299,665,fr,France,33,Auchan
208,520,299,665,fr,France,33,Auchan
208,520,299,665,fr,France,33,Axialys
208,520,299,665,fr,France,33,Bazile
208,520,299,665,fr,France,33,BJT
208,520,299,665,fr,France,33,BJT
208,520,20,527,fr,France,33,Bouygues Telecom
208,520,88,2191,fr,France,33,Bouygues Telecom
208,520,21,543,fr,France,33,Bouygues Telecom
208,520,299,665,fr,France,33,Bretagne Telecom
208,520,299,665,fr,France,33,CAT
208,520,299,665,fr,France,33,CELESTE
208,520,34,847,fr,France,33,Cellhire
208,520,299,665,fr,France,33,Codepi
208,520,299,665,fr,France,33,Coolwave
208,520,27,639,fr,France,33,Coriolis
208,520,299,665,fr,France,33,CPRO
208,520,299,665,fr,France,33,CRH
208,520,299,665,fr,France,33,CRT
208,520,299,665,fr,France,33,CTExcel
208,520,299,665,fr,France,33,Doctolib
208,520,299,665,fr,France,33,Failed Calls
208,520,999,2457,fr,France,33,Fix Line
208,520,299,665,fr,France,33,Foliateam
208,520,15,351,fr,France,33,Free Mobile
208,520,36,879,fr,France,33,Free Mobile
208,520,35,863,fr,France,33,Free Mobile
208,520,16,367,fr,France,33,Free Mobile
208,520,94,2383,fr,France,33,Halys
208,520,299,665,fr,France,33,Happy Telecom
208,520,299,665,fr,France,33,Hexatel
208,520,89,2207,fr,France,33,Hub One
208,520,299,665,fr,France,33,i-via
208,520,37,895,fr,France,33,IP Directions
208,520,299,665,fr,France,33,IP Telecom
208,520,299,665,fr,France,33,Iptis
208,520,299,665,fr,France,33,JOi
208,520,299,665,fr,France,33,Kertel
208,520,299,665,fr,France,33,Keyyo Mobile
208,520,299,665,fr,France,33,La Poste Mobile
208,520,299,665,fr,France,33,La Poste Mobile
208,520,299,665,fr,France,33,LASOTEL
208,520,38,911,fr,France,33,Lebara
208,520,17,383,fr,France,33,Legos
208,520,299,665,fr,France,33,Linkt
208,520,299,665,fr,France,33,LITEYEAR
208,520,25,607,fr,France,33,Lycamobile
208,520,24,591,fr,France,33,MobiquiThings
208,520,03,63,fr,France,33,MobiquiThings
208,520,299,665,fr,France,33,Netcom
208,520,39,927,fr,France,33,Networth Telecom
208,520,299,665,fr,France,33,Nordnet
208,520,26,623,fr,France,33,NRJ
208,520,299,665,fr,France,33,onoff
208,520,299,665,fr,France,33,OpenIP
208,520,01,31,fr,France,33,Orange
208,520,91,2335,fr,France,33,Orange
208,520,32,815,fr,France,33,Orange
208,520,02,47,fr,France,33,Orange
208,520,299,665,fr,France,33,Paritel
208,520,299,665,fr,France,33,Prixtel
208,520,299,665,fr,France,33,Prixtel
208,520,299,665,fr,France,33,SCT TELECOM
208,520,299,665,fr,France,33,SCT TELECOM
208,520,299,665,fr,France,33,Sewan Communications
208,520,13,319,fr,France,33,SFR
208,520,10,271,fr,France,33,SFR
208,520,09,159,fr,France,33,SFR
208,520,08,143,fr,France,33,SFR
208,520,11,287,fr,France,33,SFR
208,520,299,665,fr,France,33,SIMbioz
208,520,30,783,fr,France,33,Syma Mobile
208,520,299,665,fr,France,33,TDF
208,520,299,665,fr,France,33,Tismi
208,520,22,559,fr,France,33,Transatel
208,520,299,665,fr,France,33,Trunkline
208,520,12,303,fr,France,33,Truphone
208,520,299,665,fr,France,33,unyc
208,520,299,665,fr,France,33,VA SOLUTIONS
208,520,31,799,fr,France,33,Vectone Mobile
208,520,299,665,fr,France,33,VOIP Telecom
547,1351,299,665,pf,French Polynesia,689,Failed Calls
547,1351,999,2457,pf,French Polynesia,689,Fix Line
547,1351,299,665,pf,French Polynesia,689,Ora
547,1351,20,527,pf,French Polynesia,689,Vini
547,1351,15,351,pf,French Polynesia,689,Vodafone
628,1576,03,63,ga,Gabon,241,Airtel
628,1576,299,665,ga,Gabon,241,Failed Calls
628,1576,999,2457,ga,Gabon,241,Fix Line
628,1576,01,31,ga,Gabon,241,Libertis
607,1543,02,47,gm,Gambia,220,Africel
607,1543,03,63,gm,Gambia,220,Comium
607,1543,299,665,gm,Gambia,220,Failed Calls
607,1543,999,2457,gm,Gambia,220,Fix Line
607,1543,01,31,gm,Gambia,220,Gamcel
607,1543,04,79,gm,Gambia,220,QCell
282,642,04,79,ge,Georgia,995,Beeline
282,642,299,665,ge,Georgia,995,Failed Calls
282,642,999,2457,ge,Georgia,995,Fix Line
282,642,01,31,ge,Georgia,995,Geocell
282,642,07,127,ge,Georgia,995,GlobalCell
282,642,02,47,ge,Georgia,995,MagtiCom
282,642,11,287,ge,Georgia,995,Mobilive
282,642,22,559,ge,Georgia,995,MyPhone
282,642,10,271,ge,Georgia,995,Premium Net
282,642,08,143,ge,Georgia,995,Silknet
282,642,12,303,ge,Georgia,995,Telecom 1
262,610,23,575,de,Germany,49,1 & 1
262,610,299,665,de,Germany,49,Argon Networks
262,610,10,271,de,Germany,49,DB Netz
262,610,20,527,de,Germany,49,Telefonica / E-Plus
262,610,999,2457,de,Germany,49,Fix Line
262,610,14,335,de,Germany,49,Lebara
262,610,43,1087,de,Germany,49,Lycamobile
262,610,21,543,de,Germany,49,Multiconnect
262,610,22,559,de,Germany,49,sipgate
262,610,12,303,de,Germany,49,sipgate
262,610,78,1935,de,Germany,49,T-mobile
262,610,01,31,de,Germany,49,T-mobile
262,610,06,111,de,Germany,49,T-mobile
262,610,24,591,de,Germany,49,TelcoVillage
262,610,17,383,de,Germany,49,Telefonica / E-Plus
262,610,03,63,de,Germany,49,Telefonica / E-Plus
262,610,05,95,de,Germany,49,Telefonica / E-Plus
262,610,16,367,de,Germany,49,Telefonica / O2
262,610,08,143,de,Germany,49,Telefonica / O2
262,610,11,287,de,Germany,49,Telefonica / O2
262,610,07,127,de,Germany,49,Telefonica / O2
262,610,299,665,de,Germany,49,Tismi
262,610,299,665,de,Germany,49,Truphone
262,610,09,159,de,Germany,49,Vodafone
262,610,42,1071,de,Germany,49,Vodafone
262,610,04,79,de,Germany,49,Vodafone
262,610,02,47,de,Germany,49,Vodafone
620,1568,06,111,gh,Ghana,233,Airtel
620,1568,03,63,gh,Ghana,233,Airtel
620,1568,299,665,gh,Ghana,233,Comsys
620,1568,299,665,gh,Ghana,233,Failed Calls
620,1568,999,2457,gh,Ghana,233,Fix Line
620,1568,07,127,gh,Ghana,233,Glo
620,1568,01,31,gh,Ghana,233,MTN
620,1568,05,95,gh,Ghana,233,National Security
620,1568,08,143,gh,Ghana,233,Surfline
620,1568,02,47,gh,Ghana,233,Vodafone
266,614,299,665,gi,Gibraltar,350,Failed Calls
266,614,999,2457,gi,Gibraltar,350,Fix Line
266,614,299,665,gi,Gibraltar,350,GibFibreSpeed
266,614,01,31,gi,Gibraltar,350,Gibtel
202,514,299,665,gr,Greece,30,AMD Telecom
202,514,299,665,gr,Greece,30,Apifon
202,514,15,351,gr,Greece,30,BWS
202,514,01,31,gr,Greece,30,Cosmote
202,514,02,47,gr,Greece,30,Cosmote
202,514,999,2457,gr,Greece,30,Fix Line
202,514,16,367,gr,Greece,30,Inter Telecom
202,514,299,665,gr,Greece,30,Interconnect
202,514,299,665,gr,Greece,30,M-STAT
202,514,299,665,gr,Greece,30,Nova
202,514,04,79,gr,Greece,30,OSE
202,514,03,63,gr,Greece,30,OTE
202,514,299,665,gr,Greece,30,OTEGLOBE
202,514,299,665,gr,Greece,30,Premium Net
202,514,05,95,gr,Greece,30,Vodafone
202,514,10,271,gr,Greece,30,Wind
202,514,09,159,gr,Greece,30,Wind
202,514,12,303,gr,Greece,30,Yuboto
290,656,299,665,gl,Greenland,299,Failed Calls
290,656,999,2457,gl,Greenland,299,Fix Line
290,656,01,31,gl,Greenland,299,Tele Greenland
352,850,050,80,gd,Grenada,1473,Digicel
352,850,299,665,gd,Grenada,1473,Failed Calls
352,850,999,2457,gd,Grenada,1473,Fix Line
352,850,110,272,gd,Grenada,1473,Flow
352,850,299,665,gd,Grenada,1473,Spice Mobile
340,832,08,143,gf,Guadeloupe and Martinique and French Guiana,594,Amigo
340,832,20,527,gf,Guadeloupe and Martinique and French Guiana,594,Digicel
340,832,299,665,gf,Guadeloupe and Martinique and French Guiana,594,Failed Calls
340,832,999,2457,gf,Guadeloupe and Martinique and French Guiana,594,Fix Line
340,832,04,79,gf,Guadeloupe and Martinique and French Guiana,594,Free
340,832,01,31,gf,Guadeloupe and Martinique and French Guiana,594,Orange
340,832,02,47,gf,Guadeloupe and Martinique and French Guiana,594,SFR
310,784,370,880,gu,Guam,1671,Docomo Pacific
310,784,470,1136,gu,Guam,1671,Docomo Pacific
310,784,299,665,gu,Guam,1671,Failed Calls
310,784,999,2457,gu,Guam,1671,Fix Line
310,784,140,320,gu,Guam,1671,GTA
310,784,110,272,gu,Guam,1671,IT
704,1796,01,31,gt,Guatemala,502,Claro
704,1796,299,665,gt,Guatemala,502,Failed Calls
704,1796,999,2457,gt,Guatemala,502,Fix Line
704,1796,03,63,gt,Guatemala,502,Movistar
704,1796,02,47,gt,Guatemala,502,Tigo
611,1553,05,95,gn,Guinea,224,Cellcom
611,1553,299,665,gn,Guinea,224,Failed Calls
611,1553,999,2457,gn,Guinea,224,Fix Line
611,1553,04,79,gn,Guinea,224,MTN
611,1553,01,31,gn,Guinea,224,Orange
632,1586,299,665,gw,Guinea-Bissau,245,Failed Calls
632,1586,999,2457,gw,Guinea-Bissau,245,Fix	Line
632,1586,01,31,gw,Guinea-Bissau,245,Guinetel
632,1586,02,47,gw,Guinea-Bissau,245,MTN
632,1586,03,63,gw,Guinea-Bissau,245,Orange
738,1848,02,47,gy,Guyana,592,Cellink
738,1848,01,31,gy,Guyana,592,Digicel
738,1848,299,665,gy,Guyana,592,Failed Calls
738,1848,999,2457,gy,Guyana,592,Fix Line
372,882,02,47,ht,Haiti,509,Digicel
372,882,299,665,ht,Haiti,509,Failed Calls
372,882,999,2457,ht,Haiti,509,Fix Line
372,882,03,63,ht,Haiti,509,Natcom
708,1800,001,1,hn,Honduras,504,Claro
708,1800,01,31,hn,Honduras,504,Claro
708,1800,299,665,hn,Honduras,504,Failed Calls
708,1800,999,2457,hn,Honduras,504,Fix Line
708,1800,30,783,hn,Honduras,504,HonduTel
708,1800,030,48,hn,Honduras,504,HonduTel
708,1800,02,47,hn,Honduras,504,Tigo
708,1800,002,2,hn,Honduras,504,Tigo
454,1108,14,335,hk,Hong Kong,852,3
454,1108,05,95,hk,Hong Kong,852,3
454,1108,04,79,hk,Hong Kong,852,3
454,1108,03,63,hk,Hong Kong,852,3
454,1108,32,815,hk,Hong Kong,852,HKBN
454,1108,13,319,hk,Hong Kong,852,China Mobile
454,1108,12,303,hk,Hong Kong,852,China Mobile
454,1108,30,783,hk,Hong Kong,852,China Mobile
454,1108,07,127,hk,Hong Kong,852,China Unicom
454,1108,11,287,hk,Hong Kong,852,CHKTL
454,1108,01,31,hk,Hong Kong,852,Citic
454,1108,31,799,hk,Hong Kong,852,CTExcel
454,1108,36,879,hk,Hong Kong,852,Eascotel
454,1108,999,2457,hk,Hong Kong,852,Fix Line
454,1108,391,913,hk,Hong Kong,852,Government
454,1108,395,917,hk,Hong Kong,852,Government
454,1108,28,655,hk,Hong Kong,852,Government
454,1108,390,912,hk,Hong Kong,852,Government
454,1108,394,916,hk,Hong Kong,852,Government
454,1108,398,920,hk,Hong Kong,852,Government
454,1108,27,639,hk,Hong Kong,852,Government
454,1108,393,915,hk,Hong Kong,852,Government
454,1108,25,607,hk,Hong Kong,852,Government
454,1108,397,919,hk,Hong Kong,852,Government
454,1108,392,914,hk,Hong Kong,852,Government
454,1108,396,918,hk,Hong Kong,852,Government
454,1108,26,623,hk,Hong Kong,852,Government
454,1108,24,591,hk,Hong Kong,852,Multibyte
454,1108,06,111,hk,Hong Kong,852,SmarTone
454,1108,15,351,hk,Hong Kong,852,SmarTone
454,1108,17,383,hk,Hong Kong,852,SmarTone
454,1108,20,527,hk,Hong Kong,852,SUN Mobile / CSL
454,1108,18,399,hk,Hong Kong,852,SUN Mobile / CSL
454,1108,19,415,hk,Hong Kong,852,SUN Mobile / CSL
454,1108,00,15,hk,Hong Kong,852,SUN Mobile / CSL
454,1108,02,47,hk,Hong Kong,852,SUN Mobile / CSL
454,1108,16,367,hk,Hong Kong,852,SUN Mobile / CSL
454,1108,10,271,hk,Hong Kong,852,SUN Mobile / CSL
454,1108,08,143,hk,Hong Kong,852,Tru
454,1108,35,863,hk,Hong Kong,852,Webbing
216,534,299,665,hu,Hungary,36,Antenna
216,534,03,63,hu,Hungary,36,Digi
216,534,999,2457,hu,Hungary,36,Fix line
216,534,299,665,hu,Hungary,36,Invitech
216,534,299,665,hu,Hungary,36,Mobil4
216,534,02,47,hu,Hungary,36,MVM NET
216,534,299,665,hu,Hungary,36,Netfone
216,534,299,665,hu,Hungary,36,TARR
216,534,30,783,hu,Hungary,36,Telekom
216,534,01,31,hu,Hungary,36,Telenor
216,534,299,665,hu,Hungary,36,Vidanet
216,534,71,1823,hu,Hungary,36,Vodafone
216,534,70,1807,hu,Hungary,36,Vodafone
274,628,299,665,is,Iceland,354,Failed Calls
274,628,999,2457,is,Iceland,354,Fix Line
274,628,11,287,is,Iceland,354,NOVA
274,628,01,31,is,Iceland,354,Siminn
274,628,31,799,is,Iceland,354,Siminn
274,628,08,143,is,Iceland,354,Siminn
274,628,16,367,is,Iceland,354,Tismi
274,628,04,79,is,Iceland,354,Viking Wireless
274,628,03,63,is,Iceland,354,Vodafone
274,628,12,303,is,Iceland,354,Vodafone
274,628,02,47,is,Iceland,354,Vodafone
404,1028,33,831,in,India,91,Aircel
404,1028,42,1071,in,India,91,Aircel
404,1028,17,383,in,India,91,Aircel
404,1028,29,671,in,India,91,Aircel
404,1028,41,1055,in,India,91,Aircel
404,1028,91,2335,in,India,91,Aircel
404,1028,28,655,in,India,91,Aircel
404,1028,37,895,in,India,91,Aircel
404,1028,35,863,in,India,91,Aircel
404,1028,25,607,in,India,91,Aircel
404,1028,03,63,in,India,91,Airtel
404,1028,92,2351,in,India,91,Airtel
404,1028,31,799,in,India,91,Airtel
404,1028,96,2415,in,India,91,Airtel
404,1028,02,47,in,India,91,Airtel
404,1028,90,2319,in,India,91,Airtel
404,1028,16,367,in,India,91,Airtel
404,1028,95,2399,in,India,91,Airtel
404,1028,70,1807,in,India,91,Airtel
404,1028,10,271,in,India,91,Airtel
404,1028,94,2383,in,India,91,Airtel
404,1028,98,2447,in,India,91,Airtel
404,1028,06,111,in,India,91,Airtel
404,1028,93,2367,in,India,91,Airtel
404,1028,49,1183,in,India,91,Airtel
404,1028,97,2431,in,India,91,Airtel
404,1028,51,1311,in,India,91,BSNL Mobile
404,1028,66,1647,in,India,91,BSNL Mobile
404,1028,57,1407,in,India,91,BSNL Mobile
404,1028,74,1871,in,India,91,BSNL Mobile
404,1028,38,911,in,India,91,BSNL Mobile
404,1028,81,2079,in,India,91,BSNL Mobile
404,1028,64,1615,in,India,91,BSNL Mobile
404,1028,55,1375,in,India,91,BSNL Mobile
404,1028,73,1855,in,India,91,BSNL Mobile
404,1028,34,847,in,India,91,BSNL Mobile
404,1028,80,2063,in,India,91,BSNL Mobile
404,1028,62,1583,in,India,91,BSNL Mobile
404,1028,77,1919,in,India,91,BSNL Mobile
404,1028,54,1359,in,India,91,BSNL Mobile
404,1028,72,1839,in,India,91,BSNL Mobile
404,1028,59,1439,in,India,91,BSNL Mobile
404,1028,76,1903,in,India,91,BSNL Mobile
404,1028,53,1343,in,India,91,BSNL Mobile
404,1028,71,1823,in,India,91,BSNL Mobile
404,1028,58,1423,in,India,91,BSNL Mobile
404,1028,75,1887,in,India,91,BSNL Mobile
404,1028,69,1695,in,India,91,Dolphin
404,1028,299,665,in,India,91,Failed Calls
404,1028,999,2457,in,India,91,Fix Line
404,1028,68,1679,in,India,91,Garuda
404,1028,04,79,in,India,91,Idea
404,1028,78,1935,in,India,91,Idea
404,1028,87,2175,in,India,91,Idea
404,1028,19,415,in,India,91,Idea
404,1028,848,2120,in,India,91,Idea
404,1028,56,1391,in,India,91,Idea
404,1028,853,2131,in,India,91,Idea
404,1028,14,335,in,India,91,Idea
404,1028,846,2118,in,India,91,Idea
404,1028,44,1103,in,India,91,Idea
404,1028,852,2130,in,India,91,Idea
404,1028,12,303,in,India,91,Idea
404,1028,845,2117,in,India,91,Idea
404,1028,24,591,in,India,91,Idea
404,1028,850,2128,in,India,91,Idea
404,1028,07,127,in,India,91,Idea
404,1028,82,2095,in,India,91,Idea
404,1028,89,2207,in,India,91,Idea
404,1028,22,559,in,India,91,Idea
404,1028,849,2121,in,India,91,Idea
404,1028,868,2152,in,India,91,Jio
404,1028,859,2137,in,India,91,Jio
404,1028,873,2163,in,India,91,Jio
404,1028,864,2148,in,India,91,Jio
404,1028,856,2134,in,India,91,Jio
404,1028,869,2153,in,India,91,Jio
404,1028,860,2144,in,India,91,Jio
404,1028,865,2149,in,India,91,Jio
404,1028,857,2135,in,India,91,Jio
404,1028,870,2160,in,India,91,Jio
404,1028,861,2145,in,India,91,Jio
404,1028,854,2132,in,India,91,Jio
404,1028,874,2164,in,India,91,Jio
404,1028,866,2150,in,India,91,Jio
404,1028,871,2161,in,India,91,Jio
404,1028,862,2146,in,India,91,Jio
404,1028,855,2133,in,India,91,Jio
404,1028,867,2151,in,India,91,Jio
404,1028,858,2136,in,India,91,Jio
404,1028,872,2162,in,India,91,Jio
404,1028,863,2147,in,India,91,Jio
404,1028,21,543,in,India,91,Loop Mobile
404,1028,52,1327,in,India,91,Reliance Mobile
404,1028,08,143,in,India,91,Reliance Mobile
404,1028,18,399,in,India,91,Reliance Mobile
404,1028,67,1663,in,India,91,Reliance Mobile
404,1028,09,159,in,India,91,Reliance Mobile
404,1028,23,575,in,India,91,Reliance Mobile
404,1028,83,2111,in,India,91,Reliance Mobile
404,1028,36,879,in,India,91,Reliance Mobile
404,1028,85,2143,in,India,91,Reliance Mobile
404,1028,50,1295,in,India,91,Reliance Mobile
404,1028,30,783,in,India,91,Vodafone
404,1028,11,287,in,India,91,Vodafone
404,1028,84,2127,in,India,91,Vodafone
404,1028,27,639,in,India,91,Vodafone
404,1028,05,95,in,India,91,Vodafone
404,1028,60,1551,in,India,91,Vodafone
404,1028,20,527,in,India,91,Vodafone
404,1028,01,31,in,India,91,Vodafone
404,1028,46,1135,in,India,91,Vodafone
404,1028,15,351,in,India,91,Vodafone
404,1028,88,2191,in,India,91,Vodafone
404,1028,43,1087,in,India,91,Vodafone
404,1028,13,319,in,India,91,Vodafone
404,1028,86,2159,in,India,91,Vodafone
510,1296,89,2207,id,Indonesia,62,3
510,1296,299,665,id,Indonesia,62,Failed Calls
510,1296,999,2457,id,Indonesia,62,Fix Line
510,1296,01,31,id,Indonesia,62,Indosat Ooredoo
510,1296,62,1583,id,Indonesia,62,Indosat Ooredoo
510,1296,21,543,id,Indonesia,62,Indosat Ooredoo
510,1296,27,639,id,Indonesia,62,Net1
510,1296,09,159,id,Indonesia,62,Smartfren
510,1296,28,655,id,Indonesia,62,Smartfren
510,1296,99,2463,id,Indonesia,62,Smartfren
510,1296,10,271,id,Indonesia,62,Telkomsel
510,1296,20,527,id,Indonesia,62,Telkomsel
510,1296,08,143,id,Indonesia,62,XL
510,1296,11,287,id,Indonesia,62,XL
901,2305,67,1663,n/a,International Networks,882,1NCE
901,2305,76,1903,n/a,International Networks,882,A1
901,2305,14,335,n/a,International Networks,882,AeroMobile
901,2305,299,665,n/a,International Networks,882,Afinna One
901,2305,81,2079,n/a,International Networks,882,Airnity
901,2305,82,2095,n/a,International Networks,882,AnyNet
901,2305,24,591,n/a,International Networks,882,Bandwidth
901,2305,55,1375,n/a,International Networks,882,Beezz
901,2305,58,1423,n/a,International Networks,882,BICS
901,2305,70,1807,n/a,International Networks,882,Bubbletone
901,2305,18,399,n/a,International Networks,882,Cingular Wireless Network
901,2305,16,367,n/a,International Networks,882,Cisco Jasper
901,2305,48,1167,n/a,International Networks,882,Com4 Sweden
901,2305,73,1855,n/a,International Networks,882,Cubic
901,2305,42,1071,n/a,International Networks,882,DCN Hub
901,2305,40,1039,n/a,International Networks,882,Deutsche Telekom
901,2305,299,665,n/a,International Networks,882,DIDWW
901,2305,50,1295,n/a,International Networks,882,EchoStar Mobile
901,2305,299,665,n/a,International Networks,882,Ellipsat
901,2305,43,1087,n/a,International Networks,882,EMnify
901,2305,299,665,n/a,International Networks,882,EMSAT
901,2305,299,665,n/a,International Networks,882,Failed Calls
901,2305,999,2457,n/a,International Networks,882,Fix Line
901,2305,299,665,n/a,International Networks,882,Global Access Services
901,2305,299,665,n/a,International Networks,882,Globalstar
901,2305,13,319,n/a,International Networks,882,GSM.AQ
901,2305,22,559,n/a,International Networks,882,i-lincc
901,2305,11,287,n/a,International Networks,882,Inmarsat
901,2305,20,527,n/a,International Networks,882,Intermatica
901,2305,03,63,n/a,International Networks,882,Iridium
901,2305,69,1695,n/a,International Networks,882,Legos
901,2305,66,1647,n/a,International Networks,882,Limitless
901,2305,52,1327,n/a,International Networks,882,Manx Telecom
901,2305,19,415,n/a,International Networks,882,Maritime Roaming Service
901,2305,299,665,n/a,International Networks,882,MCNtelecom
901,2305,12,303,n/a,International Networks,882,MCP
901,2305,59,1439,n/a,International Networks,882,MessageBird
901,2305,27,639,n/a,International Networks,882,Monaco Telecom
901,2305,84,2127,n/a,International Networks,882,Movistar
901,2305,38,911,n/a,International Networks,882,MTT
901,2305,39,927,n/a,International Networks,882,MTX Connect
901,2305,17,383,n/a,International Networks,882,Navitas Telecom
901,2305,79,1951,n/a,International Networks,882,Nokia
901,2305,85,2143,n/a,International Networks,882,O2
901,2305,15,351,n/a,International Networks,882,OnAir
901,2305,41,1055,n/a,International Networks,882,One Network
901,2305,47,1151,n/a,International Networks,882,Ooredoo
901,2305,31,799,n/a,International Networks,882,Orange
901,2305,299,665,n/a,International Networks,882,Oration Technologies
901,2305,299,665,n/a,International Networks,882,Phonegroup
901,2305,65,1631,n/a,International Networks,882,Plintron
901,2305,75,1887,n/a,International Networks,882,Pod
901,2305,299,665,n/a,International Networks,882,republic wireless
901,2305,57,1407,n/a,International Networks,882,SAP
901,2305,299,665,n/a,International Networks,882,Sipme
901,2305,33,831,n/a,International Networks,882,SMART
901,2305,78,1935,n/a,International Networks,882,Sparkle
901,2305,64,1615,n/a,International Networks,882,Syniverse
901,2305,72,1839,n/a,International Networks,882,Tele2
901,2305,299,665,n/a,International Networks,882,Telecom26
901,2305,299,665,n/a,International Networks,882,Telekom Malaysia
901,2305,29,671,n/a,International Networks,882,Telenor Connexion
901,2305,05,95,n/a,International Networks,882,Thuraya RMSS
901,2305,37,895,n/a,International Networks,882,Transatel
901,2305,62,1583,n/a,International Networks,882,Twilio
901,2305,34,847,n/a,International Networks,882,tyntec
901,2305,51,1311,n/a,International Networks,882,VisionNG
901,2305,21,543,n/a,International Networks,882,Wins
901,2305,299,665,n/a,International Networks,882,Zain
432,1074,299,665,ir,Iran,98,Anarestan
432,1074,299,665,ir,Iran,98,ApTel
432,1074,299,665,ir,Iran,98,Arian Tel
432,1074,299,665,ir,Iran,98,Failed Calls
432,1074,999,2457,ir,Iran,98,Fix Line
432,1074,299,665,ir,Iran,98,LotusTel
432,1074,11,287,ir,Iran,98,MCI
432,1074,19,415,ir,Iran,98,MTCE
432,1074,35,863,ir,Iran,98,MTN IranCell
432,1074,20,527,ir,Iran,98,RighTel
432,1074,01,31,ir,Iran,98,SamanTel
432,1074,08,143,ir,Iran,98,Shatel Mobile
432,1074,32,815,ir,Iran,98,Taliya
432,1074,14,335,ir,Iran,98,Telekish
418,1048,05,95,iq,Iraq,964,Asia Cell
418,1048,299,665,iq,Iraq,964,Failed Calls
418,1048,999,2457,iq,Iraq,964,Fix Line
418,1048,40,1039,iq,Iraq,964,Korek
418,1048,45,1119,iq,Iraq,964,Mobitel
418,1048,20,527,iq,Iraq,964,Zain
418,1048,30,783,iq,Iraq,964,Zain
272,626,05,95,ie,Ireland,353,3
272,626,02,47,ie,Ireland,353,3
272,626,17,383,ie,Ireland,353,3
272,626,299,665,ie,Ireland,353,BT
272,626,299,665,ie,Ireland,353,Cubic Telecom
272,626,299,665,ie,Ireland,353,Failed Calls
272,626,999,2457,ie,Ireland,353,Fix Line
272,626,13,319,ie,Ireland,353,Lycamobile
272,626,08,143,ie,Ireland,353,Meteor
272,626,03,63,ie,Ireland,353,Meteor
272,626,07,127,ie,Ireland,353,Meteor
272,626,299,665,ie,Ireland,353,Net Feasa
272,626,299,665,ie,Ireland,353,OGCIO
272,626,11,287,ie,Ireland,353,Tesco Mobile
272,626,15,351,ie,Ireland,353,Virgin Media
272,626,01,31,ie,Ireland,353,Vodafone
425,1061,19,415,il,Israel,972,019 Mobile
425,1061,299,665,il,Israel,972,Annatel Mobile
425,1061,23,575,il,Israel,972,Beezz
425,1061,299,665,il,Israel,972,Bynet
425,1061,299,665,il,Israel,972,Cellact
425,1061,02,47,il,Israel,972,Cellcom
425,1061,299,665,il,Israel,972,Failed Calls
425,1061,999,2457,il,Israel,972,Fix Line
425,1061,08,143,il,Israel,972,Golan Telecom
425,1061,15,351,il,Israel,972,Home Cellular
425,1061,07,127,il,Israel,972,Hot Mobile
425,1061,77,1919,il,Israel,972,Hot Mobile
425,1061,13,319,il,Israel,972,Ituran
425,1061,22,559,il,Israel,972,Maskyoo
425,1061,01,31,il,Israel,972,Orange
425,1061,03,63,il,Israel,972,Pelephone
425,1061,12,303,il,Israel,972,Pelephone
425,1061,16,367,il,Israel,972,Rami Levy Communications
425,1061,299,665,il,Israel,972,T2T
425,1061,17,383,il,Israel,972,Von waves
425,1061,09,159,il,Israel,972,We4G
425,1061,14,335,il,Israel,972,YouPhone
222,546,299,665,it,Italy,39,1Mobile
222,546,299,665,it,Italy,39,A-Tono
222,546,40,1039,it,Italy,39,Agile Telecom
222,546,34,847,it,Italy,39,BT mobile
222,546,299,665,it,Italy,39,Esendex
222,546,299,665,it,Italy,39,Compatel
222,546,53,1343,it,Italy,39,CoopVoce
222,546,299,665,it,Italy,39,Daily Telecom Mobile
222,546,36,879,it,Italy,39,Digi
222,546,299,665,it,Italy,39,DireQ
222,546,42,1071,it,Italy,39,Enel
222,546,299,665,it,Italy,39,Failed Calls
222,546,08,143,it,Italy,39,Fastweb
222,546,999,2457,it,Italy,39,Fix Line
222,546,99,2463,it,Italy,39,WindTre / Hi3G
222,546,50,1295,it,Italy,39,Iliad
222,546,299,665,it,Italy,39,Kaleyra
222,546,39,927,it,Italy,39,SMS.it / LINK Mobility
222,546,35,863,it,Italy,39,Lycamobile
222,546,07,127,it,Italy,39,Noverca Italia
222,546,54,1359,it,Italy,39,Plintron
222,546,33,831,it,Italy,39,Poste Mobile
222,546,999,2457,it,Italy,39,Premium Numbers
222,546,58,1423,it,Italy,39,rdcom
222,546,30,783,it,Italy,39,RFI
222,546,56,1391,it,Italy,39,spusu
222,546,48,1167,it,Italy,39,Telecom Italia Mobile
222,546,43,1087,it,Italy,39,Telecom Italia Mobile
222,546,01,31,it,Italy,39,TIM
222,546,299,665,it,Italy,39,Sparkle
222,546,299,665,it,Italy,39,Tiscali
222,546,44,1103,it,Italy,39,Mundio
222,546,51,1311,it,Italy,39,ho.
222,546,49,1183,it,Italy,39,Vianova Mobile
222,546,10,271,it,Italy,39,Vodafone
222,546,06,111,it,Italy,39,Vodafone
222,546,299,665,it,Italy,39,Vola
222,546,299,665,it,Italy,39,Webcom
222,546,88,2191,it,Italy,39,WindTre / WIND
222,546,37,895,it,Italy,39,WindTre / Hi3G
612,1554,299,665,ci,Ivory Coast,225,Failed Calls
612,1554,999,2457,ci,Ivory Coast,225,Fix Line
612,1554,02,47,ci,Ivory Coast,225,Moov
612,1554,05,95,ci,Ivory Coast,225,MTN
612,1554,03,63,ci,Ivory Coast,225,Orange
338,824,050,80,jm,Jamaica,1876,Digicel
338,824,299,665,jm,Jamaica,1876,Failed Calls
338,824,999,2457,jm,Jamaica,1876,Fix Line
338,824,110,272,jm,Jamaica,1876,Flow
338,824,180,384,jm,Jamaica,1876,Flow
440,1088,299,665,jp,Japan,81,Failed Calls
440,1088,999,2457,jp,Japan,81,Fix Line
440,1088,73,1855,jp,Japan,81,KDDI
440,1088,51,1311,jp,Japan,81,KDDI
440,1088,74,1871,jp,Japan,81,KDDI
440,1088,52,1327,jp,Japan,81,KDDI
440,1088,75,1887,jp,Japan,81,KDDI
440,1088,53,1343,jp,Japan,81,KDDI
440,1088,71,1823,jp,Japan,81,KDDI
440,1088,76,1903,jp,Japan,81,KDDI
440,1088,54,1359,jp,Japan,81,KDDI
440,1088,70,1807,jp,Japan,81,KDDI
440,1088,72,1839,jp,Japan,81,KDDI
440,1088,50,1295,jp,Japan,81,KDDI
440,1088,10,271,jp,Japan,81,NTT DoCoMo
440,1088,78,1935,jp,Japan,81,Okinawa Cellular
440,1088,11,287,jp,Japan,81,Rakuten Mobile
440,1088,20,527,jp,Japan,81,SoftBank
440,1088,21,543,jp,Japan,81,SoftBank
440,1088,00,15,jp,Japan,81,SoftBank
440,1088,05,95,jp,Japan,81,SoftBank
440,1088,01,31,jp,Japan,81,SoftBank
416,1046,299,665,jo,Jordan,962,Failed Calls
416,1046,999,2457,jo,Jordan,962,Fix Line
416,1046,77,1919,jo,Jordan,962,Orange
416,1046,03,63,jo,Jordan,962,Umniah
416,1046,01,31,jo,Jordan,962,Zain
401,1025,07,127,kz,Kazakhstan,7,Altel
401,1025,299,665,kz,Kazakhstan,7,Arna
401,1025,01,31,kz,Kazakhstan,7,Beeline
401,1025,299,665,kz,Kazakhstan,7,Failed Call(s)
401,1025,999,2457,kz,Kazakhstan,7,Fix Line
401,1025,08,143,kz,Kazakhstan,7,Kazakhstan Online
401,1025,02,47,kz,Kazakhstan,7,Kcell
401,1025,77,1919,kz,Kazakhstan,7,Tele2
639,1593,03,63,ke,Kenya,254,Airtel
639,1593,05,95,ke,Kenya,254,Airtel
639,1593,299,665,ke,Kenya,254,eferio
639,1593,299,665,ke,Kenya,254,Failed Calls
639,1593,06,111,ke,Kenya,254,Finserve Africa
639,1593,999,2457,ke,Kenya,254,Fix Line
639,1593,09,159,ke,Kenya,254,Homeland Media
639,1593,12,303,ke,Kenya,254,Infura
639,1593,11,287,ke,Kenya,254,Jambo Telcoms
639,1593,10,271,ke,Kenya,254,Jamii Telecommunications
639,1593,04,79,ke,Kenya,254,Mobile Pay
639,1593,02,47,ke,Kenya,254,Safaricom
639,1593,01,31,ke,Kenya,254,Safaricom
639,1593,07,127,ke,Kenya,254,Telkom
545,1349,299,665,ki,Kiribati,686,Failed Calls
545,1349,999,2457,ki,Kiribati,686,Fix Line
545,1349,09,159,ki,Kiribati,686,FrigateNet
545,1349,01,31,ki,Kiribati,686,FrigateNet
545,1349,299,665,ki,Kiribati,686,Ocean Link
221,545,07,127,xk,Kosovo,383,D3 mobile
221,545,299,665,xk,Kosovo,383,Failed Calls
221,545,999,2457,xk,Kosovo,383,Fix Line
221,545,02,47,xk,Kosovo,383,IPKO
221,545,299,665,xk,Kosovo,383,MTS
221,545,01,31,xk,Kosovo,383,Vala
419,1049,299,665,kw,Kuwait,965,Failed Calls
419,1049,999,2457,kw,Kuwait,965,Fix Line
419,1049,03,63,kw,Kuwait,965,Ooredoo
419,1049,299,665,kw,Kuwait,965,Virgin Mobile
419,1049,04,79,kw,Kuwait,965,Viva
419,1049,02,47,kw,Kuwait,965,Zain
437,1079,01,31,kg,Kyrgyzstan,996,Beeline
437,1079,299,665,kg,Kyrgyzstan,996,Failed Calls
437,1079,999,2457,kg,Kyrgyzstan,996,Fix Line
437,1079,02,47,kg,Kyrgyzstan,996,KT Mobile
437,1079,05,95,kg,Kyrgyzstan,996,MegaCom
437,1079,09,159,kg,Kyrgyzstan,996,O!
437,1079,10,271,kg,Kyrgyzstan,996,Saima
437,1079,03,63,kg,Kyrgyzstan,996,Sem Mobile
457,1111,08,143,la,Laos,856,Beeline
457,1111,02,47,la,Laos,856,ETL Mobile
457,1111,299,665,la,Laos,856,Failed Calls
457,1111,999,2457,la,Laos,856,Fix Line
457,1111,01,31,la,Laos,856,LTC
457,1111,03,63,la,Laos,856,Unitel
247,583,05,95,lv,Latvia,371,Bite
247,583,299,665,lv,Latvia,371,Failed Calls
247,583,999,2457,lv,Latvia,371,Fix Line
247,583,01,31,lv,Latvia,371,LMT
247,583,10,271,lv,Latvia,371,LMT
247,583,299,665,lv,Latvia,371,Premium Numbers
247,583,02,47,lv,Latvia,371,Tele2
247,583,04,79,lv,Latvia,371,Tet
247,583,03,63,lv,Latvia,371,TRIATEL
247,583,08,143,lv,Latvia,371,VENTA Mobile
247,583,09,159,lv,Latvia,371,XOmobile
415,1045,01,31,lb,Lebanon,961,Alfa
415,1045,299,665,lb,Lebanon,961,Failed Calls
415,1045,999,2457,lb,Lebanon,961,Fix Line
415,1045,03,63,lb,Lebanon,961,Touch
651,1617,02,47,ls,Lesotho,266,Econet
651,1617,299,665,ls,Lesotho,266,Failed Calls
651,1617,999,2457,ls,Lesotho,266,Fix Line
651,1617,01,31,ls,Lesotho,266,Vodacom
618,1560,299,665,lr,Liberia,231,Failed Calls
618,1560,999,2457,lr,Liberia,231,Fix Line
618,1560,01,31,lr,Liberia,231,MTN / Lonestar
618,1560,04,79,lr,Liberia,231,Novafone
618,1560,07,127,lr,Liberia,231,Orange
606,1542,01,31,ly,Libya,218,Al-Madar
606,1542,299,665,ly,Libya,218,Failed Calls
606,1542,999,2457,ly,Libya,218,Fix Line
606,1542,00,15,ly,Libya,218,Libyana
606,1542,03,63,ly,Libya,218,LibyaPhone Mobile
295,661,02,47,li,Liechtenstein,423,7acht
295,661,06,111,li,Liechtenstein,423,CUBIC
295,661,299,665,li,Liechtenstein,423,Datamobile
295,661,299,665,li,Liechtenstein,423,Dimoco
295,661,09,159,li,Liechtenstein,423,EMnify
295,661,299,665,li,Liechtenstein,423,Failed Calls
295,661,999,2457,li,Liechtenstein,423,Fix Line
246,582,999,2457,li,Liechtenstein,423,Fix Line
295,661,01,31,li,Liechtenstein,423,FL GSM
295,661,05,95,li,Liechtenstein,423,FL1
295,661,299,665,li,Liechtenstein,423,SORACOM
295,661,299,665,li,Liechtenstein,423,Telna
246,582,02,47,lt,Lithuania,370,Bite
246,582,299,665,lt,Lithuania,370,Failed Calls
246,582,05,95,lt,Lithuania,370,LTG
246,582,06,111,lt,Lithuania,370,Mediafon
246,582,299,665,lt,Lithuania,370,SkyCall
246,582,03,63,lt,Lithuania,370,Tele2
246,582,299,665,lt,Lithuania,370,Teletel
246,582,01,31,lt,Lithuania,370,Telia
270,624,10,271,lu,Luxembourg,352,Blue Communications
270,624,299,665,lu,Luxembourg,352,Bouygues Telecom
270,624,81,2079,lu,Luxembourg,352,e-LUX Mobile
270,624,299,665,lu,Luxembourg,352,Eltrona
270,624,299,665,lu,Luxembourg,352,Failed Calls
270,624,999,2457,lu,Luxembourg,352,Fix Line
270,624,05,95,lu,Luxembourg,352,Luxembourg Online
270,624,299,665,lu,Luxembourg,352,MTX Connect
270,624,99,2463,lu,Luxembourg,352,Orange
270,624,01,31,lu,Luxembourg,352,Post
270,624,77,1919,lu,Luxembourg,352,Tango
455,1109,05,95,mo,Macao,853,3
455,1109,03,63,mo,Macao,853,3
455,1109,02,47,mo,Macao,853,China Telecom
455,1109,07,127,mo,Macao,853,China Telecom
455,1109,01,31,mo,Macao,853,CTM
455,1109,04,79,mo,Macao,853,CTM
455,1109,299,665,mo,Macao,853,Failed Calls
455,1109,999,2457,mo,Macao,853,Fix Line
455,1109,00,15,mo,Macao,853,SmarTone
455,1109,06,111,mo,Macao,853,SmarTone
646,1606,01,31,mg,Madagascar,261,Airtel
646,1606,299,665,mg,Madagascar,261,Bip
646,1606,299,665,mg,Madagascar,261,Failed Calls
646,1606,999,2457,mg,Madagascar,261,Fix Line
646,1606,02,47,mg,Madagascar,261,Orange
646,1606,04,79,mg,Madagascar,261,Telma
650,1616,10,271,mw,Malawi,265,Airtel
650,1616,299,665,mw,Malawi,265,Failed Calls
650,1616,999,2457,mw,Malawi,265,Fix Line
650,1616,01,31,mw,Malawi,265,TNM
502,1282,156,342,my,Malaysia,60,Altel Communications
502,1282,14,335,my,Malaysia,60,Telekom Malaysia
502,1282,11,287,my,Malaysia,60,Telekom Malaysia
502,1282,19,415,my,Malaysia,60,Celcom
502,1282,13,319,my,Malaysia,60,Celcom
502,1282,10,271,my,Malaysia,60,DiGi
502,1282,16,367,my,Malaysia,60,DiGi
502,1282,299,665,my,Malaysia,60,Failed Calls
502,1282,999,2457,my,Malaysia,60,Fix Line
502,1282,299,665,my,Malaysia,60,MKN
502,1282,17,383,my,Malaysia,60,Maxis
502,1282,12,303,my,Malaysia,60,Maxis
502,1282,299,665,my,Malaysia,60,Maxis Broadband
502,1282,299,665,my,Malaysia,60,OCESB
502,1282,299,665,my,Malaysia,60,REDtone Mobile
502,1282,299,665,my,Malaysia,60,REDtone
502,1282,299,665,my,Malaysia,60,TT dotCom
502,1282,150,336,my,Malaysia,60,Tune Talk
502,1282,18,399,my,Malaysia,60,U Mobile
502,1282,153,339,my,Malaysia,60,Webe Digital
502,1282,195,405,my,Malaysia,60,XOX Com
502,1282,299,665,my,Malaysia,60,Y-Max
502,1282,152,338,my,Malaysia,60,Yes
472,1138,01,31,mv,Maldives,960,DhiMobile
472,1138,299,665,mv,Maldives,960,Failed Calls
472,1138,999,2457,mv,Maldives,960,Fix Line
472,1138,02,47,mv,Maldives,960,Ooredoo
610,1552,299,665,ml,Mali,223,Failed Calls
610,1552,999,2457,ml,Mali,223,Fix Line
610,1552,01,31,ml,Mali,223,Malitel
610,1552,02,47,ml,Mali,223,Orange
610,1552,03,63,ml,Mali,223,Telecel
278,632,01,31,mt,Malta,356,Vodafone
278,632,299,665,mt,Malta,356,Failed Calls
278,632,999,2457,mt,Malta,356,Fix Line
278,632,30,783,mt,Malta,356,GO Mobile
278,632,21,543,mt,Malta,356,GO Mobile
278,632,77,1919,mt,Malta,356,Melita
551,1361,299,665,mh,Marshall Islands,692,Failed Calls
551,1361,999,2457,mh,Marshall Islands,692,Fix Line
551,1361,299,665,mh,Marshall Islands,692,MINTA
609,1545,02,47,mr,Mauritania,222,Chinguitel
609,1545,299,665,mr,Mauritania,222,Failed Calls
609,1545,999,2457,mr,Mauritania,222,Fix Line
609,1545,01,31,mr,Mauritania,222,Mattel
609,1545,10,271,mr,Mauritania,222,Mauritel
617,1559,03,63,mu,Mauritius,230,Chili
617,1559,02,47,mu,Mauritius,230,Chili
617,1559,10,271,mu,Mauritius,230,Emtel
617,1559,299,665,mu,Mauritius,230,Failed Calls
617,1559,999,2457,mu,Mauritius,230,Fix Line
617,1559,01,31,mu,Mauritius,230,my.t mobile
647,1607,299,665,yt,Mayotte,262,Failed Calls
647,1607,999,2457,yt,Mayotte,262,Fix Line
647,1607,01,31,yt,Mayotte,262,Maore Mobile
647,1607,10,271,yt,Mayotte,262,SFR
334,820,140,320,mx,Mexico,52,ALTAN Redes
334,820,299,665,mx,Mexico,52,Altcel
334,820,050,80,mx,Mexico,52,AT / IUSACell
334,820,299,665,mx,Mexico,52,Failed Call(s)
334,820,999,2457,mx,Mexico,52,Fix Line
334,820,299,665,mx,Mexico,52,FreedomPop
334,820,299,665,mx,Mexico,52,Ibo Cell
334,820,299,665,mx,Mexico,52,Maxcom
334,820,299,665,mx,Mexico,52,MegaTel
334,820,03,63,mx,Mexico,52,Movistar
334,820,030,48,mx,Mexico,52,Movistar
334,820,299,665,mx,Mexico,52,NEUS Mobile
334,820,90,2319,mx,Mexico,52,Nextel
334,820,010,16,mx,Mexico,52,Nextel
334,820,01,31,mx,Mexico,52,Nextel
334,820,299,665,mx,Mexico,52,QBOcel
334,820,060,96,mx,Mexico,52,SAI PCS
334,820,299,665,mx,Mexico,52,Servitron
334,820,020,32,mx,Mexico,52,Telcel
334,820,02,47,mx,Mexico,52,Telcel
334,820,299,665,mx,Mexico,52,Telecomunicaciones 360
334,820,80,2063,mx,Mexico,52,Unefon
334,820,70,1807,mx,Mexico,52,Unefon
550,1360,299,665,fm,Micronesia,691,Failed Calls
550,1360,999,2457,fm,Micronesia,691,Fix Line
550,1360,01,31,fm,Micronesia,691,FSMTCeLL
259,601,299,665,md,Moldova,373,Failed Calls
259,601,02,47,md,Moldova,373,Moldcell
259,601,01,31,md,Moldova,373,Orange
259,601,03,63,md,Moldova,373,Unite
259,601,99,2463,md,Moldova,373,Unite
259,601,05,95,md,Moldova,373,Unite
212,530,299,665,mc,Monaco,377,Failed Calls
212,530,999,2457,mc,Monaco,377,Fix Line
212,530,10,271,mc,Monaco,377,Monaco Telecom
212,530,01,31,mc,Monaco,377,Monaco Telecom
428,1064,299,665,mn,Mongolia,976,Failed Calls
428,1064,999,2457,mn,Mongolia,976,Fix Line
428,1064,98,2447,mn,Mongolia,976,G-Mobile
428,1064,99,2463,mn,Mongolia,976,Mobicom
428,1064,00,15,mn,Mongolia,976,Skytel
428,1064,88,2191,mn,Mongolia,976,Unitel
297,663,299,665,me,Montenegro,382,Failed Calls
297,663,999,2457,me,Montenegro,382,Fix Line
297,663,03,63,me,Montenegro,382,Mtel
297,663,02,47,me,Montenegro,382,Telekom / T-mobile
297,663,01,31,me,Montenegro,382,Telenor
354,852,299,665,ms,Montserrat,1664,Digicel
354,852,299,665,ms,Montserrat,1664,Failed Calls
354,852,999,2457,ms,Montserrat,1664,Fix Line
354,852,860,2144,ms,Montserrat,1664,Flow
604,1540,299,665,ma,Morocco,212,Failed Calls
604,1540,999,2457,ma,Morocco,212,Fix Line
604,1540,01,31,ma,Morocco,212,IAM
604,1540,02,47,ma,Morocco,212,inwi
604,1540,05,95,ma,Morocco,212,inwi
604,1540,00,15,ma,Morocco,212,Orange
643,1603,299,665,mz,Mozambique,258,Failed Calls
643,1603,999,2457,mz,Mozambique,258,Fix Line
643,1603,03,63,mz,Mozambique,258,Movitel
643,1603,01,31,mz,Mozambique,258,TMCEL
643,1603,04,79,mz,Mozambique,258,Vodacom
414,1044,999,2457,mm,Myanmar,95,Failed Calls
414,1044,999,2457,mm,Myanmar,95,Fix Line
414,1044,03,63,mm,Myanmar,95,MecTel
414,1044,00,15,mm,Myanmar,95,MPT
414,1044,01,31,mm,Myanmar,95,MPT
414,1044,09,159,mm,Myanmar,95,Mytel
414,1044,05,95,mm,Myanmar,95,Ooredoo
414,1044,06,111,mm,Myanmar,95,Telenor
649,1609,299,665,na,Namibia,264,Demshi
649,1609,299,665,na,Namibia,264,Failed Calls
649,1609,999,2457,na,Namibia,264,Fix Line
649,1609,01,31,na,Namibia,264,MTC
649,1609,03,63,na,Namibia,264,TN Mobile
536,1334,02,47,nr,Nauru,674,Digicel
536,1334,299,665,nr,Nauru,674,Failed Calls
536,1334,999,2457,nr,Nauru,674,Fix Line
429,1065,299,665,np,Nepal,977,CG Telecom
429,1065,299,665,np,Nepal,977,Failed Calls
429,1065,999,2457,np,Nepal,977,Fix Line
429,1065,03,63,np,Nepal,977,Hello Nepal
429,1065,02,47,np,Nepal,977,Ncell
429,1065,01,31,np,Nepal,977,Nepal Telecom
429,1065,04,79,np,Nepal,977,Smart
429,1065,00,15,np,Nepal,977,UTL
204,516,299,665,nl,Netherlands,31,88 mobile
204,516,299,665,nl,Netherlands,31,AGMS
204,516,30,783,nl,Netherlands,31,ASPIDER Solutions
204,516,299,665,nl,Netherlands,31,Belcentrale
204,516,299,665,nl,Netherlands,31,BodyTrace
204,516,299,665,nl,Netherlands,31,Combird Mobile
204,516,299,665,nl,Netherlands,31,Dean Mobile
204,516,299,665,nl,Netherlands,31,Eazit
204,516,05,95,nl,Netherlands,31,ElephantTalk
204,516,299,665,nl,Netherlands,31,EziMobile
204,516,299,665,nl,Netherlands,31,Failed Calls
204,516,999,2457,nl,Netherlands,31,Fix Line
204,516,999,2457,nl,Netherlands,31,Fix Line
204,516,299,665,nl,Netherlands,31,interactive digital media / IDM
204,516,00,15,nl,Netherlands,31,Intovoice
204,516,299,665,nl,Netherlands,31,KeenMobile
204,516,23,575,nl,Netherlands,31,KORE
204,516,69,1695,nl,Netherlands,31,KPN
204,516,12,303,nl,Netherlands,31,KPN
204,516,08,143,nl,Netherlands,31,KPN
204,516,10,271,nl,Netherlands,31,KPN
204,516,27,639,nl,Netherlands,31,L-mobi
204,516,28,655,nl,Netherlands,31,Lancelot
204,516,98,2447,nl,Netherlands,31,Lancelot
204,516,09,159,nl,Netherlands,31,Lycamobile
204,516,63,1599,nl,Netherlands,31,MessageBird
204,516,299,665,nl,Netherlands,31,mGage
204,516,299,665,nl,Netherlands,31,Motto
204,516,07,127,nl,Netherlands,31,Move / Teleena
204,516,299,665,nl,Netherlands,31,Okta8
204,516,299,665,nl,Netherlands,31,Premium Numbers
204,516,299,665,nl,Netherlands,31,Premium Routing
204,516,24,591,nl,Netherlands,31,Private Mobility
204,516,21,543,nl,Netherlands,31,ProRail
204,516,299,665,nl,Netherlands,31,Redworks
204,516,26,623,nl,Netherlands,31,SpeakUp
204,516,20,527,nl,Netherlands,31,T-Mobile
204,516,02,47,nl,Netherlands,31,T-Mobile
204,516,16,367,nl,Netherlands,31,T-Mobile
204,516,29,671,nl,Netherlands,31,Tismi
204,516,33,831,nl,Netherlands,31,Truphone
204,516,299,665,nl,Netherlands,31,Vectone Mobile
204,516,04,79,nl,Netherlands,31,Vodafone
204,516,03,63,nl,Netherlands,31,Voiceworks Mobile
204,516,15,351,nl,Netherlands,31,Ziggo
204,516,18,399,nl,Netherlands,31,Ziggo Services
362,866,91,2335,an,Netherlands Antilles,599,Chippie
362,866,69,1695,an,Netherlands Antilles,599,Digicel
362,866,299,665,an,Netherlands Antilles,599,Failed Calls
362,866,999,2457,an,Netherlands Antilles,599,Fix Line
362,866,299,665,an,Netherlands Antilles,599,Premium Numbers
362,866,51,1311,an,Netherlands Antilles,599,TelCell
546,1350,299,665,nc,New Caledonia,687,Failed Calls
546,1350,999,2457,nc,New Caledonia,687,Fix Line
546,1350,01,31,nc,New Caledonia,687,Mobilis
530,1328,24,591,nz,New Zealand,64,2degrees
530,1328,299,665,nz,New Zealand,64,Compass Mobile
530,1328,299,665,nz,New Zealand,64,Devoli
530,1328,299,665,nz,New Zealand,64,Failed Calls
530,1328,999,2457,nz,New Zealand,64,Fix Line
530,1328,299,665,nz,New Zealand,64,LinkTel
530,1328,06,111,nz,New Zealand,64,Skinny Mobile
530,1328,05,95,nz,New Zealand,64,Spark Mobile
530,1328,02,47,nz,New Zealand,64,Spark Mobile
530,1328,299,665,nz,New Zealand,64,Symbio
530,1328,299,665,nz,New Zealand,64,Vocus
530,1328,01,31,nz,New Zealand,64,Vodafone
530,1328,299,665,nz,New Zealand,64,Voxbone / Bandwidth
530,1328,299,665,nz,New Zealand,64,Voyager Internet
530,1328,299,665,nz,New Zealand,64,WXC
710,1808,21,543,ni,Nicaragua,505,Claro
710,1808,73,1855,ni,Nicaragua,505,Claro
710,1808,299,665,ni,Nicaragua,505,CooTel
710,1808,299,665,ni,Nicaragua,505,Failed Calls
710,1808,999,2457,ni,Nicaragua,505,Fix Line
710,1808,30,783,ni,Nicaragua,505,Movistar
614,1556,02,47,ne,Niger,227,Airtel
614,1556,299,665,ne,Niger,227,Failed Calls
614,1556,999,2457,ne,Niger,227,Fix Line
614,1556,03,63,ne,Niger,227,Moov
614,1556,01,31,ne,Niger,227,Niger Telecoms
614,1556,04,79,ne,Niger,227,Orange
621,1569,60,1551,ng,Nigeria,234,9mobile
621,1569,20,527,ng,Nigeria,234,Airtel
621,1569,299,665,ng,Nigeria,234,Alpha Technologies
621,1569,299,665,ng,Nigeria,234,Failed Calls
621,1569,999,2457,ng,Nigeria,234,Fix Line
621,1569,50,1295,ng,Nigeria,234,Glo Mobile
621,1569,30,783,ng,Nigeria,234,MTN
621,1569,40,1039,ng,Nigeria,234,ntel
621,1569,27,639,ng,Nigeria,234,Smile
621,1569,299,665,ng,Nigeria,234,Zodafones
555,1365,299,665,nu,Niue,683,Failed Calls
555,1365,999,2457,nu,Niue,683,Fix Line
555,1365,01,31,nu,Niue,683,Telecom Niue
467,1127,299,665,kp,North Korea,850,Failed Calls
467,1127,999,2457,kp,North Korea,850,Fix Line
467,1127,299,665,kp,North Korea,850,Kangsung Net
467,1127,192,402,kp,North Korea,850,Koryolink
294,660,02,47,mk,North Macedonia,389,A1
294,660,03,63,mk,North Macedonia,389,A1
294,660,299,665,mk,North Macedonia,389,Failed Calls
259,601,999,2457,mk,North Macedonia,389,Fix Line
294,660,999,2457,mk,North Macedonia,389,Fix Line
294,660,299,665,mk,North Macedonia,389,LATRON
294,660,04,79,mk,North Macedonia,389,Lycamobile
294,660,11,287,mk,North Macedonia,389,Mobik
294,660,299,665,mk,North Macedonia,389,Telekabel
294,660,01,31,mk,North Macedonia,389,Telekom
534,1332,299,665,mp,Northern Mariana Islands,1670,Failed Calls
534,1332,999,2457,mp,Northern Mariana Islands,1670,Fix Line
242,578,22,559,no,Norway,47,Altibox Mobil
242,578,21,543,no,Norway,47,BANE NOR
242,578,20,527,no,Norway,47,BANE NOR
242,578,299,665,no,Norway,47,bigblu
242,578,299,665,no,Norway,47,Chilimobil
242,578,09,159,no,Norway,47,Com4
242,578,15,351,no,Norway,47,eRate
242,578,299,665,no,Norway,47,Failed Calls
242,578,999,2457,no,Norway,47,Fix Line
242,578,299,665,no,Norway,47,GlobalConnect
242,578,299,665,no,Norway,47,
242,578,14,335,no,Norway,47,ICE
242,578,299,665,no,Norway,47,intility
242,578,16,367,no,Norway,47,Iristel
242,578,299,665,no,Norway,47,JetNett
242,578,23,575,no,Norway,47,Lycamobile
242,578,05,95,no,Norway,47,Network Norway
242,578,299,665,no,Norway,47,NextGenTel
242,578,10,271,no,Norway,47,Nkom
242,578,299,665,no,Norway,47,Nodnett
242,578,06,111,no,Norway,47,ICE
242,578,299,665,no,Norway,47,Puzzel
242,578,299,665,no,Norway,47,Sierra Wireless
242,578,299,665,no,Norway,47,Svea
242,578,299,665,no,Norway,47,Telavox
242,578,12,303,no,Norway,47,Telenor
242,578,01,31,no,Norway,47,Telenor
242,578,08,143,no,Norway,47,Telia / NetCom
242,578,02,47,no,Norway,47,Telia / NetCom
242,578,299,665,no,Norway,47,unifon
422,1058,299,665,om,Oman,968,Failed Calls
422,1058,999,2457,om,Oman,968,Fix Line
422,1058,02,47,om,Oman,968,Omantel Mobile
422,1058,03,63,om,Oman,968,Ooredoo / Nawras
410,1040,299,665,pk,Pakistan,92,Failed Calls
410,1040,999,2457,pk,Pakistan,92,Fix Line
410,1040,01,31,pk,Pakistan,92,Jazz
410,1040,07,127,pk,Pakistan,92,Jazz
410,1040,05,95,pk,Pakistan,92,SCOM
410,1040,06,111,pk,Pakistan,92,Telenor
410,1040,03,63,pk,Pakistan,92,Ufone
410,1040,299,665,pk,Pakistan,92,Warid
410,1040,04,79,pk,Pakistan,92,Zong
552,1362,299,665,pw,Palau,680,Failed Calls
552,1362,999,2457,pw,Palau,680,Fix Line
552,1362,99,2463,pw,Palau,680,Palau Mobile
552,1362,01,31,pw,Palau,680,PalauCel
552,1362,02,47,pw,Palau,680,PT Waves
425,1061,299,665,ps,Palestinian Territory,970,Failed Calls
425,1061,999,2457,ps,Palestinian Territory,970,Fix Line
425,1061,05,95,ps,Palestinian Territory,970,Jawwal
425,1061,06,111,ps,Palestinian Territory,970,Ooredoo
714,1812,01,31,pa,Panama,507,+Movil
714,1812,03,63,pa,Panama,507,Claro
714,1812,04,79,pa,Panama,507,Digicel
714,1812,299,665,pa,Panama,507,Failed Calls
714,1812,999,2457,pa,Panama,507,Fix Line
714,1812,02,47,pa,Panama,507,Movistar
714,1812,020,32,pa,Panama,507,Movistar
537,1335,01,31,pg,Papua New Guinea,675,BeMobile Vodafone
537,1335,02,47,pg,Papua New Guinea,675,Citifon
537,1335,03,63,pg,Papua New Guinea,675,Digicel
537,1335,299,665,pg,Papua New Guinea,675,DIGIVOIP
537,1335,299,665,pg,Papua New Guinea,675,Failed Calls
537,1335,999,2457,pg,Papua New Guinea,675,Fix Line
744,1860,02,47,py,Paraguay,595,Claro
744,1860,299,665,py,Paraguay,595,Failed Calls
744,1860,999,2457,py,Paraguay,595,Fix Line
744,1860,03,63,py,Paraguay,595,Personal
744,1860,04,79,py,Paraguay,595,Tigo
744,1860,01,31,py,Paraguay,595,VOX
716,1814,70,1807,pe,Peru,51,Claro
716,1814,20,527,pe,Peru,51,Claro
716,1814,10,271,pe,Peru,51,Claro
716,1814,299,665,pe,Peru,51,Dolphin
716,1814,17,383,pe,Peru,51,Entel
716,1814,299,665,pe,Peru,51,Failed Calls
716,1814,999,2457,pe,Peru,51,Fix Line
716,1814,06,111,pe,Peru,51,Movistar
716,1814,07,127,pe,Peru,51,Entel
716,1814,30,783,pe,Peru,51,Tuyo
716,1814,15,351,pe,Peru,51,Viettel
515,1301,66,1647,ph,Philippines,63,DITO
515,1301,299,665,ph,Philippines,63,Failed Calls
515,1301,999,2457,ph,Philippines,63,Fix Line
515,1301,01,31,ph,Philippines,63,Globe
515,1301,02,47,ph,Philippines,63,Globe
515,1301,03,63,ph,Philippines,63,Smart
515,1301,05,95,ph,Philippines,63,Sun Cellular
260,608,299,665,pl,Poland,48,3S
260,608,16,367,pl,Poland,48,Aero2
260,608,15,351,pl,Poland,48,Aero2
260,608,04,79,pl,Poland,48,Aero2
260,608,17,383,pl,Poland,48,Aero2
260,608,48,1167,pl,Poland,48,Agile Telecom
260,608,18,399,pl,Poland,48,AMD Telecom
260,608,299,665,pl,Poland,48,Benemen
260,608,299,665,pl,Poland,48,BSG
260,608,299,665,pl,Poland,48,Caritas Laczy
260,608,299,665,pl,Poland,48,Cludo
260,608,32,815,pl,Poland,48,Compatel
260,608,12,303,pl,Poland,48,Cyfrowy Polsat
260,608,299,665,pl,Poland,48,e-Telko
260,608,41,1055,pl,Poland,48,EZ Mobile
260,608,299,665,pl,Poland,48,Failed Calls
260,608,999,2457,pl,Poland,48,Fix Line
260,608,299,665,pl,Poland,48,I.M. Consulting
260,608,299,665,pl,Poland,48,Inea
260,608,299,665,pl,Poland,48,IZZI
260,608,299,665,pl,Poland,48,JMDI J. Maleszko
260,608,299,665,pl,Poland,48,Klucz Mobile
260,608,299,665,pl,Poland,48,lajt mobile
260,608,299,665,pl,Poland,48,LoVo
260,608,09,159,pl,Poland,48,Lycamobile
260,608,49,1183,pl,Poland,48,Messagebird
260,608,299,665,pl,Poland,48,Metro Mobile
260,608,299,665,pl,Poland,48,Mobile Vikings
260,608,299,665,pl,Poland,48,Mobiledata
260,608,42,1071,pl,Poland,48,MobiWeb
260,608,299,665,pl,Poland,48,Moja GSM
260,608,13,319,pl,Poland,48,Move
260,608,299,665,pl,Poland,48,multiMOBILE
260,608,299,665,pl,Poland,48,Nasza Wizja
260,608,299,665,pl,Poland,48,NAU Mobile
260,608,299,665,pl,Poland,48,nc+ Mobile
260,608,19,415,pl,Poland,48,NetBalt
260,608,07,127,pl,Poland,48,Netia
260,608,299,665,pl,Poland,48,Next Mobile
260,608,299,665,pl,Poland,48,NIMBOW
260,608,27,639,pl,Poland,48,Ntel Solutions
260,608,03,63,pl,Poland,48,Orange
260,608,05,95,pl,Poland,48,Orange
260,608,35,863,pl,Poland,48,PKP
260,608,06,111,pl,Poland,48,Play
260,608,98,2447,pl,Poland,48,Play
260,608,11,287,pl,Poland,48,Plus
260,608,01,31,pl,Poland,48,Plus
260,608,97,2431,pl,Poland,48,Politechnika Lodzka Uczelniane
260,608,90,2319,pl,Poland,48,Polska Spolka Gazownictwa
260,608,299,665,pl,Poland,48,Polvoice
260,608,299,665,pl,Poland,48,Pomagacz
260,608,299,665,pl,Poland,48,Premium Mobile
260,608,299,665,pl,Poland,48,Premium Numbers
260,608,299,665,pl,Poland,48,SAT FILM
260,608,14,335,pl,Poland,48,Move
260,608,299,665,pl,Poland,48,SGT
260,608,47,1151,pl,Poland,48,SMSHIGHWAY
260,608,299,665,pl,Poland,48,Softelnet
260,608,34,847,pl,Poland,48,T-Mobile
260,608,02,47,pl,Poland,48,T-Mobile
260,608,10,271,pl,Poland,48,T-Mobile
260,608,14,335,pl,Poland,48,Telco Leaders
260,608,299,665,pl,Poland,48,Tele GO
260,608,299,665,pl,Poland,48,TeleCube
260,608,299,665,pl,Poland,48,Telenabler
260,608,299,665,pl,Poland,48,TELGAM
260,608,20,527,pl,Poland,48,Tismi
260,608,299,665,pl,Poland,48,TOYAmobilna
260,608,22,559,pl,Poland,48,Twilio
260,608,299,665,pl,Poland,48,UPC
260,608,299,665,pl,Poland,48,Vectra
260,608,45,1119,pl,Poland,48,Virgin Mobile
260,608,45,1119,pl,Poland,48,Virgin Mobile
260,608,299,665,pl,Poland,48,Vonage
260,608,39,927,pl,Poland,48,Voxbone / Bandwidth
260,608,299,665,pl,Poland,48,w naszej Rodzinie
268,616,299,665,pt,Portugal,351,Failed Calls
268,616,999,2457,pt,Portugal,351,Fix Line
268,616,04,79,pt,Portugal,351,Lycamobile
268,616,08,143,pt,Portugal,351,MEO
268,616,06,111,pt,Portugal,351,MEO
268,616,80,2063,pt,Portugal,351,MEO
268,616,93,2367,pt,Portugal,351,NOS
268,616,03,63,pt,Portugal,351,NOS
268,616,299,665,pt,Portugal,351,NOWO
268,616,299,665,pt,Portugal,351,Oni
410,1040,299,665,pt,Portugal,351,Premium Numbers
268,616,91,2335,pt,Portugal,351,Vodafone
268,616,01,31,pt,Portugal,351,Vodafone
330,816,30,783,pr,Puerto Rico,,AT Mobility
330,816,11,287,pr,Puerto Rico,,Claro
330,816,110,272,pr,Puerto Rico,,Claro
330,816,299,665,pr,Puerto Rico,,Failed Calls
330,816,999,2457,pr,Puerto Rico,,Fix Line
330,816,490,1168,pr,Puerto Rico,,T-Mobile
427,1063,299,665,qa,Qatar,974,Failed Calls
427,1063,999,2457,qa,Qatar,974,Fix Line
427,1063,01,31,qa,Qatar,974,Ooredoo
427,1063,06,111,qa,Qatar,974,Ooredoo
427,1063,02,47,qa,Qatar,974,Vodafone
647,1607,299,665,re,Reunion,262,Failed Calls
647,1607,999,2457,re,Reunion,262,Fix Line
647,1607,03,63,re,Reunion,262,Only
647,1607,02,47,re,Reunion,262,Only
647,1607,00,15,re,Reunion,262,Orange
647,1607,04,79,re,Reunion,262,ZEOP Mobile
226,550,05,95,ro,Romania,40,Digi Mobil
226,550,299,665,ro,Romania,40,Failed Calls
226,550,999,2457,ro,Romania,40,Fix Line
226,550,299,665,ro,Romania,40,Iristel
226,550,16,367,ro,Romania,40,Lycamobile
226,550,10,271,ro,Romania,40,Orange
226,550,03,63,ro,Romania,40,Telekom
226,550,02,47,ro,Romania,40,Telekom
226,550,01,31,ro,Romania,40,Vodafone
250,592,299,665,ru,Russia,79,Antares
250,592,299,665,ru,Russia,79,Arktur
250,592,299,665,ru,Russia,79,Astran
250,592,299,665,ru,Russia,79,ASVT
250,592,299,665,ru,Russia,79,Aurora Telecom
250,592,99,2463,ru,Russia,79,Beeline
250,592,299,665,ru,Russia,79,Beliton
250,592,299,665,ru,Russia,79,BIT-CENTR
250,592,299,665,ru,Russia,79,Center 2M
250,592,299,665,ru,Russia,79,Cifra 1
250,592,299,665,ru,Russia,79,CountryCom
250,592,299,665,ru,Russia,79,ECO Networks
250,592,299,665,ru,Russia,79,Elemte
250,592,299,665,ru,Russia,79,ER-Telecom
250,592,299,665,ru,Russia,79,Failed Calls
250,592,999,2457,ru,Russia,79,Fix Line
250,592,299,665,ru,Russia,79,Gazprom Telecom
250,592,48,1167,ru,Russia,79,Global Telecom
250,592,55,1375,ru,Russia,79,Glonass
250,592,299,665,ru,Russia,79,GLONASS MOBILE
250,592,299,665,ru,Russia,79,Integral
250,592,299,665,ru,Russia,79,Internod
250,592,299,665,ru,Russia,79,Intersvyaz-2
250,592,34,847,ru,Russia,79,Krymtelecom
250,592,299,665,ru,Russia,79,KvatroPlus
250,592,299,665,ru,Russia,79,Lardex
250,592,54,1359,ru,Russia,79,Letai Mobile
250,592,299,665,ru,Russia,79,Lycamobile
250,592,57,1407,ru,Russia,79,Matrix Mobile
250,592,299,665,ru,Russia,79,Media-Market
250,592,02,47,ru,Russia,79,Megafon
250,592,299,665,ru,Russia,79,Metro-Pei
250,592,299,665,ru,Russia,79,MGTS
250,592,299,665,ru,Russia,79,Miatel
250,592,299,665,ru,Russia,79,MOSTELECOM
250,592,35,863,ru,Russia,79,Motiv
250,592,299,665,ru,Russia,79,MSN Telekom
250,592,01,31,ru,Russia,79,MTS
250,592,42,1071,ru,Russia,79,MTT
250,592,299,665,ru,Russia,79,NCI
250,592,299,665,ru,Russia,79,NETBYNET
250,592,299,665,ru,Russia,79,New Mobile Communications
250,592,299,665,ru,Russia,79,OBIT
250,592,299,665,ru,Russia,79,Orange Business Services
250,592,299,665,ru,Russia,79,PIN
250,592,299,665,ru,Russia,79,Plintron
250,592,299,665,ru,Russia,79,Quantech
250,592,299,665,ru,Russia,79,RECONN
250,592,299,665,ru,Russia,79,Reteyl Innovatsii
250,592,299,665,ru,Russia,79,Sberbank-Telecom
250,592,33,831,ru,Russia,79,SEVTELECOM
250,592,299,665,ru,Russia,79,Sim Sim
250,592,299,665,ru,Russia,79,Sintonik
250,592,299,665,ru,Russia,79,Sky Networks
250,592,09,159,ru,Russia,79,Skylink
250,592,299,665,ru,Russia,79,SkyNet
250,592,299,665,ru,Russia,79,Sonet
250,592,299,665,ru,Russia,79,Sprint
250,592,299,665,ru,Russia,79,Start
250,592,299,665,ru,Russia,79,SunSIM
250,592,299,665,ru,Russia,79,Surgutneftegaz
250,592,299,665,ru,Russia,79,Svyazresurs-Mobile
250,592,299,665,ru,Russia,79,Tander
250,592,12,303,ru,Russia,79,Tele2
250,592,20,527,ru,Russia,79,Tele2
250,592,299,665,ru,Russia,79,Tinkoff Mobile
250,592,299,665,ru,Russia,79,TMT
250,592,299,665,ru,Russia,79,TransMobilCom
250,592,299,665,ru,Russia,79,TRASTEL
250,592,299,665,ru,Russia,79,TRN-telecom
250,592,299,665,ru,Russia,79,TTK
250,592,299,665,ru,Russia,79,TTK-Svyaz
250,592,299,665,ru,Russia,79,TVE
250,592,299,665,ru,Russia,79,UnitTelecom
250,592,299,665,ru,Russia,79,Unycel
250,592,299,665,ru,Russia,79,Vainah Telecom
250,592,299,665,ru,Russia,79,ViKom
250,592,299,665,ru,Russia,79,Virgin Connect
250,592,299,665,ru,Russia,79,Voentelecom
250,592,77,1919,ru,Russia,79,Glonass
250,592,60,1551,ru,Russia,79,Volna Mobile
250,592,299,665,ru,Russia,79,VTB Mobile
250,592,32,815,ru,Russia,79,Win Mobile
250,592,11,287,ru,Russia,79,Yota
635,1589,13,319,rw,Rwanda,250,Airtel
635,1589,299,665,rw,Rwanda,250,Failed Calls
635,1589,999,2457,rw,Rwanda,250,Fix Line
635,1589,10,271,rw,Rwanda,250,MTN
658,1624,299,665,sh,Saint Helena and Ascension and Tristan da Cunha,290,Failed Calls
658,1624,999,2457,sh,Saint Helena and Ascension and Tristan da Cunha,290,Fix Line
356,854,070,112,kn,Saint Kitts and Nevis,1869,Chippie
356,854,70,1807,kn,Saint Kitts and Nevis,1869,Chippie
356,854,050,80,kn,Saint Kitts and Nevis,1869,Digicel
356,854,50,1295,kn,Saint Kitts and Nevis,1869,Digicel
356,854,299,665,kn,Saint Kitts and Nevis,1869,Failed Calls
356,854,999,2457,kn,Saint Kitts and Nevis,1869,Fix Line
356,854,110,272,kn,Saint Kitts and Nevis,1869,Flow
356,854,11,287,kn,Saint Kitts and Nevis,1869,Flow
356,854,299,665,kn,Saint Kitts and Nevis,1869,The Cable
358,856,05,95,lc,Saint Lucia,1758,Digicel
358,856,050,80,lc,Saint Lucia,1758,Digicel
358,856,299,665,lc,Saint Lucia,1758,Failed Calls
358,856,999,2457,lc,Saint Lucia,1758,Fix Line
358,856,110,272,lc,Saint Lucia,1758,Flow
358,856,11,287,lc,Saint Lucia,1758,Flow
308,776,01,31,pm,Saint Pierre and Miquelon,508,Ameris
308,776,03,63,pm,Saint Pierre and Miquelon,508,Ameris
308,776,299,665,pm,Saint Pierre and Miquelon,508,Failed Calls
308,776,999,2457,pm,Saint Pierre and Miquelon,508,Fix Line
308,776,02,47,pm,Saint Pierre and Miquelon,508,Globaltel
360,864,050,80,vc,Saint Vincent and the Grenadines,1784,Digicel
360,864,299,665,vc,Saint Vincent and the Grenadines,1784,Failed Calls
360,864,999,2457,vc,Saint Vincent and the Grenadines,1784,Fix Line
360,864,110,272,vc,Saint Vincent and the Grenadines,1784,Flow
549,1353,27,639,ws,Samoa,685,BlueSky
549,1353,01,31,ws,Samoa,685,Digicel
549,1353,299,665,ws,Samoa,685,Failed Calls
549,1353,999,2457,ws,Samoa,685,Fix Line
292,658,299,665,sm,San Marino,378,Failed Calls
292,658,999,2457,sm,San Marino,378,Fix Line
292,658,01,31,sm,San Marino,378,Prima
292,658,299,665,sm,San Marino,378,TeleneT
626,1574,01,31,st,Sao Tome and Principe,239,CSTmovel
626,1574,299,665,st,Sao Tome and Principe,239,Failed Calls
626,1574,999,2457,st,Sao Tome and Principe,239,Fix Line
626,1574,02,47,st,Sao Tome and Principe,239,Unitel
901,2305,299,665,n/a,Satellite Networks,870,Failed Calls
901,2305,999,2457,n/a,Satellite Networks,870,Fix Line
420,1056,299,665,sa,Saudi Arabia,966,Failed Calls
420,1056,999,2457,sa,Saudi Arabia,966,Fix Line
420,1056,06,111,sa,Saudi Arabia,966,Lebara Mobile
420,1056,03,63,sa,Saudi Arabia,966,Mobily
420,1056,299,665,sa,Saudi Arabia,966,Red Bull MOBILE
420,1056,299,665,sa,Saudi Arabia,966,Salam
420,1056,01,31,sa,Saudi Arabia,966,STC / Al Jawal
420,1056,05,95,sa,Saudi Arabia,966,Virgin Mobile
420,1056,04,79,sa,Saudi Arabia,966,Zain
608,1544,299,665,sn,Senegal,221,2s Mobile
608,1544,03,63,sn,Senegal,221,Expresso
608,1544,299,665,sn,Senegal,221,Failed Calls
608,1544,999,2457,sn,Senegal,221,Fix Line
608,1544,02,47,sn,Senegal,221,Free
608,1544,04,79,sn,Senegal,221,HAYO
608,1544,01,31,sn,Senegal,221,Orange
608,1544,299,665,sn,Senegal,221,Promobile
220,544,299,665,rs,Serbia,381,Failed Calls
220,544,999,2457,rs,Serbia,381,Fix Line
220,544,11,287,rs,Serbia,381,Globaltel
220,544,03,63,rs,Serbia,381,MTS
220,544,01,31,rs,Serbia,381,Telenor
220,544,05,95,rs,Serbia,381,VIP
220,544,20,527,rs,Serbia,381,VIP
633,1587,10,271,sc,Seychelles,248,Airtel
633,1587,01,31,sc,Seychelles,248,Cable & Wireless
633,1587,299,665,sc,Seychelles,248,Failed Calls
633,1587,999,2457,sc,Seychelles,248,Fix Line
633,1587,05,95,sc,Seychelles,248,Intelvision
619,1561,03,63,sl,Sierra Leone,232,Africell
619,1561,299,665,sl,Sierra Leone,232,Failed Calls
619,1561,999,2457,sl,Sierra Leone,232,Fix Line
619,1561,299,665,sl,Sierra Leone,232,IPTel
619,1561,299,665,sl,Sierra Leone,232,Onlime
619,1561,01,31,sl,Sierra Leone,232,Orange
619,1561,07,127,sl,Sierra Leone,232,Qcell
619,1561,299,665,sl,Sierra Leone,232,SierraTel
525,1317,09,159,sg,Singapore,65,Circles.Life
525,1317,299,665,sg,Singapore,65,Failed Calls
525,1317,999,2457,sg,Singapore,65,Fix Line
525,1317,12,303,sg,Singapore,65,GRID
525,1317,11,287,sg,Singapore,65,M1
525,1317,03,63,sg,Singapore,65,M1
525,1317,299,665,sg,Singapore,65,MyRepublic
525,1317,299,665,sg,Singapore,65,Nexwave
525,1317,299,665,sg,Singapore,65,redONE
525,1317,07,127,sg,Singapore,65,SingTel
525,1317,02,47,sg,Singapore,65,SingTel
525,1317,01,31,sg,Singapore,65,SingTel
525,1317,299,665,sg,Singapore,65,Smart Pinoy
525,1317,06,111,sg,Singapore,65,Starhub
525,1317,08,143,sg,Singapore,65,Starhub
525,1317,05,95,sg,Singapore,65,Starhub
525,1317,10,271,sg,Singapore,65,TPG Telecom
525,1317,299,665,sg,Singapore,65,VivoBee
525,1317,299,665,sg,Singapore,65,Zero1
231,561,299,665,sk,Slovakia,421,Failed Calls
231,561,999,2457,sk,Slovakia,421,Fix Line
231,561,06,111,sk,Slovakia,421,O2
231,561,01,31,sk,Slovakia,421,Orange
231,561,07,127,sk,Slovakia,421,Orange
231,561,05,95,sk,Slovakia,421,Orange
231,561,03,63,sk,Slovakia,421,Swan / 4ka
231,561,02,47,sk,Slovakia,421,Telekom
231,561,04,79,sk,Slovakia,421,Telekom
231,561,50,1295,sk,Slovakia,421,Telekom
231,561,08,143,sk,Slovakia,421,Uniphone
231,561,299,665,sk,Slovakia,421,Vonage
231,561,99,2463,sk,Slovakia,421,ZSR
293,659,40,1039,si,Slovenia,386,A1 / Si.mobil
293,659,20,527,si,Slovenia,386,Compatel
293,659,86,2159,si,Slovenia,386,Elektro Gorenjska
293,659,299,665,si,Slovenia,386,Failed Calls
293,659,999,2457,si,Slovenia,386,Fix Line
293,659,299,665,si,Slovenia,386,HOT mobil
293,659,299,665,si,Slovenia,386,Me2
293,659,41,1055,si,Slovenia,386,Mobitel
293,659,299,665,si,Slovenia,386,Novatel
293,659,10,271,si,Slovenia,386,Slovenske zeleznice
293,659,299,665,si,Slovenia,386,SoftNET
293,659,64,1615,si,Slovenia,386,T-2
293,659,70,1807,si,Slovenia,386,Telemach / Tusmobil
540,1344,02,47,sb,Solomon Islands,677,bemobile
540,1344,01,31,sb,Solomon Islands,677,Breeze
540,1344,299,665,sb,Solomon Islands,677,Failed Calls
540,1344,999,2457,sb,Solomon Islands,677,Fix Line
540,1344,299,665,sb,Solomon Islands,677,Satsol
540,1344,299,665,sb,Solomon Islands,677,Smile
637,1591,299,665,so,Somalia,252,AirSom
637,1591,299,665,so,Somalia,252,Failed Calls
637,1591,999,2457,so,Somalia,252,Fix Line
637,1591,30,783,so,Somalia,252,Golis
637,1591,19,415,so,Somalia,252,Hormuud
637,1591,10,271,so,Somalia,252,Nationlink
637,1591,299,665,so,Somalia,252,NETCO
637,1591,70,1807,so,Somalia,252,Onkod
637,1591,04,79,so,Somalia,252,Somafone
637,1591,299,665,so,Somalia,252,SomNetworks
637,1591,71,1823,so,Somalia,252,Somtel
637,1591,299,665,so,Somalia,252,STG
637,1591,82,2095,so,Somalia,252,Telcom Mobile
637,1591,01,31,so,Somalia,252,Telesom
655,1621,07,127,za,South Africa,27,Cell C
655,1621,299,665,za,South Africa,27,Failed Calls
655,1621,999,2457,za,South Africa,27,Fix Line
655,1621,299,665,za,South Africa,27,Lycamobile
655,1621,10,271,za,South Africa,27,MTN
655,1621,12,303,za,South Africa,27,MTN
655,1621,74,1871,za,South Africa,27,Rain
655,1621,73,1855,za,South Africa,27,Rain
655,1621,19,415,za,South Africa,27,Rain
655,1621,38,911,za,South Africa,27,Rain
655,1621,05,95,za,South Africa,27,Telkom
655,1621,02,47,za,South Africa,27,Telkom
655,1621,299,665,za,South Africa,27,Virgin Mobile
655,1621,01,31,za,South Africa,27,Vodacom
450,1104,299,665,kr,South Korea,82,Failed Calls
450,1104,999,2457,kr,South Korea,82,Fix Line
450,1104,07,127,kr,South Korea,82,KT Powertel
450,1104,06,111,kr,South Korea,82,LG U+
450,1104,08,143,kr,South Korea,82,olleh / KT
450,1104,02,47,kr,South Korea,82,olleh / KT
450,1104,04,79,kr,South Korea,82,olleh / KT
450,1104,05,95,kr,South Korea,82,SK Telecom
450,1104,11,287,kr,South Korea,82,SK Telecom
450,1104,12,303,kr,South Korea,82,SK Telecom
659,1625,299,665,ss,South Sudan,,Digitel
659,1625,299,665,ss,South Sudan,,Failed Calls
659,1625,999,2457,ss,South Sudan,,Fix Line
659,1625,02,47,ss,South Sudan,,MTN
659,1625,06,111,ss,South Sudan,,Zain
214,532,299,665,es,Spain,34,ACN
214,532,299,665,es,Spain,34,Adamo Telecom
214,532,36,879,es,Spain,34,Alai
214,532,02,47,es,Spain,34,Alta Tecnologia en Comunicacions
214,532,299,665,es,Spain,34,Aurea
214,532,14,335,es,Spain,34,Avatel Movil
214,532,299,665,es,Spain,34,Billing Financial
214,532,299,665,es,Spain,34,Bluephone
214,532,299,665,es,Spain,34,CloudComms
214,532,299,665,es,Spain,34,Dialoga
214,532,22,559,es,Spain,34,Digi.Mobil
214,532,299,665,es,Spain,34,Dragonet
214,532,08,143,es,Spain,34,Euskaltel Movil
214,532,299,665,es,Spain,34,Evolutio
214,532,299,665,es,Spain,34,Failed Calls
214,532,999,2457,es,Spain,34,Fix Line
214,532,299,665,es,Spain,34,Global
214,532,299,665,es,Spain,34,GNET
214,532,34,847,es,Spain,34,ION MOBILE
214,532,299,665,es,Spain,34,Jetnet
214,532,299,665,es,Spain,34,Lemonvil
214,532,25,607,es,Spain,34,Lycamobile
214,532,17,383,es,Spain,34,mobil R
214,532,07,127,es,Spain,34,Movistar
214,532,05,95,es,Spain,34,Movistar
214,532,38,911,es,Spain,34,Movistar
214,532,299,665,es,Spain,34,Olephone
214,532,299,665,es,Spain,34,On Movil
214,532,299,665,es,Spain,34,Oniti Telecom
214,532,299,665,es,Spain,34,OperadorsCat
214,532,09,159,es,Spain,34,Orange
214,532,21,543,es,Spain,34,Orange
214,532,03,63,es,Spain,34,Orange
214,532,299,665,es,Spain,34,Pepephone
214,532,299,665,es,Spain,34,Premium Numbers
214,532,299,665,es,Spain,34,PTV Telecom movil
214,532,299,665,es,Spain,34,Quattre
214,532,299,665,es,Spain,34,Sarenet
214,532,299,665,es,Spain,34,SEWAN
214,532,19,415,es,Spain,34,Simyo
214,532,35,863,es,Spain,34,SUMA movil
214,532,299,665,es,Spain,34,Suop
214,532,299,665,es,Spain,34,Syma
214,532,16,367,es,Spain,34,mobil R
214,532,299,665,es,Spain,34,Telsome
214,532,299,665,es,Spain,34,The Telecom Boutique
214,532,27,639,es,Spain,34,Truphone
214,532,12,303,es,Spain,34,Venus Movil
214,532,06,111,es,Spain,34,Vodafone
214,532,01,31,es,Spain,34,Vodafone
214,532,37,895,es,Spain,34,Vodafone
214,532,04,79,es,Spain,34,Yoigo
214,532,23,575,es,Spain,34,Yoigo
214,532,33,831,es,Spain,34,Yoigo
214,532,29,671,es,Spain,34,Yoigo
214,532,299,665,es,Spain,34,You Mobile
214,532,10,271,es,Spain,34,Zinnia
413,1043,05,95,lk,Sri Lanka,94,Airtel
413,1043,02,47,lk,Sri Lanka,94,Dialog
413,1043,299,665,lk,Sri Lanka,94,Failed Calls
413,1043,999,2457,lk,Sri Lanka,94,Fix Line
413,1043,08,143,lk,Sri Lanka,94,Hutch
413,1043,01,31,lk,Sri Lanka,94,Mobitel
634,1588,299,665,sd,Sudan,249,Failed Calls
634,1588,999,2457,sd,Sudan,249,Fix Line
634,1588,03,63,sd,Sudan,249,MTN
634,1588,02,47,sd,Sudan,249,MTN
634,1588,07,127,sd,Sudan,249,Sudani One
634,1588,06,111,sd,Sudan,249,Zain
634,1588,01,31,sd,Sudan,249,Zain
746,1862,03,63,sr,Suriname,597,Digicel
746,1862,299,665,sr,Suriname,597,Failed Calls
746,1862,999,2457,sr,Suriname,597,Fix Line
746,1862,02,47,sr,Suriname,597,Telesur
653,1619,02,47,sz,Swaziland,268,Eswatini Mobile
653,1619,01,31,sz,Swaziland,268,EswatiniTelecom
653,1619,299,665,sz,Swaziland,268,Failed Calls
653,1619,999,2457,sz,Swaziland,268,Fix Line
653,1619,10,271,sz,Swaziland,268,Swazi MTN
240,576,16,367,se,Sweden,46,
240,576,35,863,se,Sweden,46,42 Telecom
240,576,13,319,se,Sweden,46,A3
240,576,299,665,se,Sweden,46,Advoco
240,576,299,665,se,Sweden,46,
240,576,299,665,se,Sweden,46,Allo Telecom
240,576,299,665,se,Sweden,46,Bahnhof
240,576,299,665,se,Sweden,46,Benemen
240,576,299,665,se,Sweden,46,Biztel
240,576,299,665,se,Sweden,46,BM Sverige
240,576,299,665,se,Sweden,46,Bredband 2
240,576,299,665,se,Sweden,46,Bredbandsson
240,576,299,665,se,Sweden,46,BSG
240,576,299,665,se,Sweden,46,Chilimobil
240,576,11,287,se,Sweden,46,Com Hem
240,576,09,159,se,Sweden,46,Com4
240,576,32,815,se,Sweden,46,Compatel
240,576,299,665,se,Sweden,46,Connectel
240,576,299,665,se,Sweden,46,Core Telecom
240,576,299,665,se,Sweden,46,easy pbx
240,576,299,665,se,Sweden,46,EasyTelecom
240,576,22,559,se,Sweden,46,EUtel
240,576,299,665,se,Sweden,46,Failed Calls
240,576,299,665,se,Sweden,46,Fastcom
240,576,299,665,se,Sweden,46,Febo Telecom
240,576,299,665,se,Sweden,46,Fello
240,576,299,665,se,Sweden,46,Fibio
240,576,63,1599,se,Sweden,46,Fink Telecom
240,576,299,665,se,Sweden,46,Firstcom
240,576,999,2457,se,Sweden,46,Fix Line
240,576,299,665,se,Sweden,46,Fonia
240,576,18,399,se,Sweden,46,Messit / Minicall
240,576,299,665,se,Sweden,46,Global Telefoni
240,576,299,665,se,Sweden,46,GlobalConnect
240,576,27,639,se,Sweden,46,Globetouch
240,576,17,383,se,Sweden,46,Gotanet
240,576,02,47,se,Sweden,46,3
240,576,299,665,se,Sweden,46,Horisen
240,576,299,665,se,Sweden,46,iCentrex
240,576,23,575,se,Sweden,46,Infobip
240,576,299,665,se,Sweden,46,InfraCom
240,576,36,879,se,Sweden,46,interactive digital media / IDM
240,576,299,665,se,Sweden,46,Ipify
240,576,299,665,se,Sweden,46,Junyverse
240,576,299,665,se,Sweden,46,Karma Mobil
240,576,299,665,se,Sweden,46,Lancelot
240,576,28,655,se,Sweden,46,LINK Mobility
240,576,299,665,se,Sweden,46,Loxysoft
240,576,12,303,se,Sweden,46,Lycamobile
240,576,299,665,se,Sweden,46,Maingate
240,576,299,665,se,Sweden,46,Megaphone
240,576,299,665,se,Sweden,46,MessageBird
240,576,29,671,se,Sweden,46,MI Carrier Services
240,576,299,665,se,Sweden,46,miniTel
240,576,299,665,se,Sweden,46,Mitto
240,576,33,831,se,Sweden,46,Mobile Arts
240,576,43,1087,se,Sweden,46,MobiWeb
240,576,299,665,se,Sweden,46,Molnstruktur
240,576,25,607,se,Sweden,46,Monty Mobile
240,576,299,665,se,Sweden,46,My Beat
240,576,299,665,se,Sweden,46,Net at Once
240,576,40,1039,se,Sweden,46,Netmore
240,576,299,665,se,Sweden,46,Netsize
240,576,299,665,se,Sweden,46,Bixia AB
240,576,299,665,se,Sweden,46,onoff
240,576,299,665,se,Sweden,46,Premium Numbers
240,576,39,927,se,Sweden,46,Primlight
240,576,31,799,se,Sweden,46,Rebtel
240,576,20,527,se,Sweden,46,Sierra Wireless
240,576,15,351,se,Sweden,46,
240,576,37,895,se,Sweden,46,Sinch
240,576,299,665,se,Sweden,46,soatso
240,576,299,665,se,Sweden,46,Soluno
240,576,45,1119,se,Sweden,46,Spirius
240,576,299,665,se,Sweden,46,SSTNet
240,576,299,665,se,Sweden,46,Svea Billing Services
240,576,299,665,se,Sweden,46,Svensk Konsumentmobil
240,576,299,665,se,Sweden,46,TelaVox
240,576,14,335,se,Sweden,46,Tele2
240,576,05,95,se,Sweden,46,Tele2
240,576,07,127,se,Sweden,46,Tele2
240,576,299,665,se,Sweden,46,Telecom3 Sverige AB
240,576,299,665,se,Sweden,46,Teledigit Scandinavia AB
240,576,299,665,se,Sweden,46,Telekometen
240,576,44,1103,se,Sweden,46,Telenabler
240,576,42,1071,se,Sweden,46,Telenor Connexion
240,576,04,79,se,Sweden,46,Telenor
240,576,08,143,se,Sweden,46,Telenor
240,576,01,31,se,Sweden,46,Telia
240,576,299,665,se,Sweden,46,Tell it to Mi
240,576,299,665,se,Sweden,46,Telness
240,576,03,63,se,Sweden,46,Net 1
240,576,48,1167,se,Sweden,46,Tismi
240,576,299,665,se,Sweden,46,Tolv Mobil
240,576,21,543,se,Sweden,46,Trafikverket
240,576,26,623,se,Sweden,46,Twilio
240,576,299,665,se,Sweden,46,Unicorn Telecom
240,576,19,415,se,Sweden,46,Vectone Mobile
240,576,299,665,se,Sweden,46,Verbal
240,576,46,1135,se,Sweden,46,Viahub
240,576,47,1151,se,Sweden,46,Viatel
240,576,299,665,se,Sweden,46,Vobbiz
240,576,299,665,se,Sweden,46,Voice Integrate
240,576,299,665,se,Sweden,46,Voicetech
240,576,38,911,se,Sweden,46,Voxbone / Bandwidth
240,576,299,665,se,Sweden,46,Weelia
240,576,299,665,se,Sweden,46,Wifi.se
240,576,299,665,se,Sweden,46,Wifog Sverige
240,576,299,665,se,Sweden,46,XPLORA
228,552,58,1423,ch,Switzerland,41,Beeone
228,552,09,159,ch,Switzerland,41,Comfone
228,552,05,95,ch,Switzerland,41,Comfone
228,552,999,2457,ch,Switzerland,41,Fix Line
228,552,66,1647,ch,Switzerland,41,Inovia
228,552,54,1359,ch,Switzerland,41,Lycamobile
228,552,69,1695,ch,Switzerland,41,MTEL
228,552,65,1631,ch,Switzerland,41,Nexphone
228,552,51,1311,ch,Switzerland,41,relario
228,552,03,63,ch,Switzerland,41,Salt Mobile
228,552,06,111,ch,Switzerland,41,SBB
228,552,12,303,ch,Switzerland,41,Sunrise
228,552,08,143,ch,Switzerland,41,Sunrise
228,552,60,1551,ch,Switzerland,41,Sunrise
228,552,02,47,ch,Switzerland,41,Sunrise
228,552,53,1343,ch,Switzerland,41,Sunrise
228,552,07,127,ch,Switzerland,41,Sunrise
228,552,01,31,ch,Switzerland,41,Swisscom
228,552,62,1583,ch,Switzerland,41,Telecom26
228,552,70,1807,ch,Switzerland,41,Tismi
228,552,59,1439,ch,Switzerland,41,Vectone Mobile
417,1047,299,665,sy,Syria,963,Failed Calls
417,1047,999,2457,sy,Syria,963,Fix Line
417,1047,02,47,sy,Syria,963,MTN
417,1047,01,31,sy,Syria,963,Syriatel
466,1126,12,303,tw,Taiwan,886,APT
466,1126,05,95,tw,Taiwan,886,APT
466,1126,11,287,tw,Taiwan,886,Chunghwa Telecom
466,1126,92,2351,tw,Taiwan,886,Chunghwa Telecom
466,1126,299,665,tw,Taiwan,886,Failed Calls
466,1126,01,31,tw,Taiwan,886,Far EasTone
466,1126,03,63,tw,Taiwan,886,Far EasTone
466,1126,88,2191,tw,Taiwan,886,Far EasTone
466,1126,999,2457,tw,Taiwan,886,Fix Line
466,1126,89,2207,tw,Taiwan,886,T Star
466,1126,97,2431,tw,Taiwan,886,Taiwan Mobile
436,1078,04,79,tj,Tajikistan,992,Babilon-Mobile
436,1078,05,95,tj,Tajikistan,992,Beeline
436,1078,299,665,tj,Tajikistan,992,Failed Calls
436,1078,999,2457,tj,Tajikistan,992,Fix Line
436,1078,03,63,tj,Tajikistan,992,Megafon
436,1078,299,665,tj,Tajikistan,992,Premium Numbers
436,1078,01,31,tj,Tajikistan,992,Tcell
436,1078,02,47,tj,Tajikistan,992,Tcell
640,1600,05,95,tz,Tanzania,255,Airtel
640,1600,299,665,tz,Tanzania,255,Failed Calls
640,1600,999,2457,tz,Tanzania,255,Fix Line
640,1600,09,159,tz,Tanzania,255,Halotel / Viettel
640,1600,99,2463,tz,Tanzania,255,Mkulima African Telecommunication
640,1600,14,335,tz,Tanzania,255,MO Mobile
640,1600,11,287,tz,Tanzania,255,Smile Communications
640,1600,07,127,tz,Tanzania,255,Tanzania Telecommunication Corporation
640,1600,02,47,tz,Tanzania,255,Tigo / MIC
640,1600,04,79,tz,Tanzania,255,Vodacom
640,1600,13,319,tz,Tanzania,255,WiAfrica
640,1600,03,63,tz,Tanzania,255,Zanzibar Telecom / Zantel
520,1312,01,31,th,Thailand,66,AIS
520,1312,03,63,th,Thailand,66,AIS
520,1312,18,399,th,Thailand,66,dtac
520,1312,05,95,th,Thailand,66,dtac TriNet
520,1312,299,665,th,Thailand,66,Failed Calls
520,1312,999,2457,th,Thailand,66,Fix Line
520,1312,00,15,th,Thailand,66,my
520,1312,47,1151,th,Thailand,66,TOTmobile
520,1312,15,351,th,Thailand,66,TOTmobile
520,1312,04,79,th,Thailand,66,TrueMove H
615,1557,03,63,tg,Togo,228,Atlantique Telecom / Moov
615,1557,299,665,tg,Togo,228,Failed Calls
615,1557,999,2457,tg,Togo,228,Fix Line
615,1557,01,31,tg,Togo,228,Togo Cellulaire / TogoCel
539,1337,88,2191,to,Tonga,676,Digicel
539,1337,43,1087,to,Tonga,676,Digicel
539,1337,299,665,to,Tonga,676,Failed Calls
539,1337,999,2457,to,Tonga,676,Fix Line
539,1337,01,31,to,Tonga,676,U-Call
539,1337,299,665,to,Tonga,676,WanTok
374,884,12,303,tt,Trinidad and Tobago,1868,bmobile
374,884,130,304,tt,Trinidad and Tobago,1868,Digicel
374,884,299,665,tt,Trinidad and Tobago,1868,Failed Calls
374,884,999,2457,tt,Trinidad and Tobago,1868,Fix Line
605,1541,299,665,tn,Tunisia,216,Failed Calls
605,1541,999,2457,tn,Tunisia,216,Fix Line
605,1541,06,111,tn,Tunisia,216,Lycamobile
605,1541,03,63,tn,Tunisia,216,Ooredoo
605,1541,01,31,tn,Tunisia,216,Orange
605,1541,02,47,tn,Tunisia,216,TT Mobile
286,646,299,665,tr,Turkiye,90,Asistan Telekom
286,646,03,63,tr,Turkiye,90,Avea
286,646,04,79,tr,Turkiye,90,Avea
286,646,299,665,tr,Turkiye,90,BasakCell
286,646,299,665,tr,Turkiye,90,Compatel
286,646,299,665,tr,Turkiye,90,Fenix Telekom
286,646,999,2457,tr,Turkiye,90,Fix Line
286,646,299,665,tr,Turkiye,90,Foniva
286,646,299,665,tr,Turkiye,90,IsNet
286,646,299,665,tr,Turkiye,90,Maxiphone
286,646,299,665,tr,Turkiye,90,Medium Telekom
286,646,299,665,tr,Turkiye,90,Mobilisim
286,646,299,665,tr,Turkiye,90,Netgsm
286,646,299,665,tr,Turkiye,90,Nida
286,646,299,665,tr,Turkiye,90,Oris
286,646,299,665,tr,Turkiye,90,Pelicell
286,646,299,665,tr,Turkiye,90,Plus Telekom
286,646,299,665,tr,Turkiye,90,Roitel
286,646,299,665,tr,Turkiye,90,SesNet
286,646,299,665,tr,Turkiye,90,TCDD
286,646,299,665,tr,Turkiye,90,TTM
286,646,01,31,tr,Turkiye,90,Turkcell
286,646,02,47,tr,Turkiye,90,Vodafone
438,1080,01,31,tm,Turkmenistan,993,MTS
438,1080,299,665,tm,Turkmenistan,993,Failed Calls
438,1080,999,2457,tm,Turkmenistan,993,Fix Line
438,1080,02,47,tm,Turkmenistan,993,TMCELL
376,886,360,864,tc,Turks and Caicos Islands,,Digicel
376,886,050,80,tc,Turks and Caicos Islands,,Digicel
376,886,299,665,tc,Turks and Caicos Islands,,Failed Calls
376,886,999,2457,tc,Turks and Caicos Islands,,Fix Line
376,886,350,848,tc,Turks and Caicos Islands,,Flow
553,1363,299,665,tv,Tuvalu,,Failed Calls
553,1363,999,2457,tv,Tuvalu,,Fix Line
553,1363,01,31,tv,Tuvalu,,Tuvalu Telecom
641,1601,22,559,ug,Uganda,256,Airtel
641,1601,01,31,ug,Uganda,256,Airtel
641,1601,299,665,ug,Uganda,256,Failed Calls
641,1601,999,2457,ug,Uganda,256,Fix Line
641,1601,04,79,ug,Uganda,256,Lycamobile
641,1601,11,287,ug,Uganda,256,Mango
641,1601,10,271,ug,Uganda,256,MTN
641,1601,33,831,ug,Uganda,256,Smile
255,597,07,127,ua,Ukraine,380,3Mob
255,597,299,665,ua,Ukraine,380,Failed Calls
255,597,999,2457,ua,Ukraine,380,Fix Line
255,597,04,79,ua,Ukraine,380,IT
255,597,02,47,ua,Ukraine,380,Kyivstar
255,597,03,63,ua,Ukraine,380,Kyivstar
255,597,06,111,ua,Ukraine,380,lifecell
255,597,21,543,ua,Ukraine,380,PEOPLEnet
255,597,99,2463,ua,Ukraine,380,Phoenix
255,597,01,31,ua,Ukraine,380,Vodafone
424,1060,03,63,ae,United Arab Emirates,971,DU
424,1060,02,47,ae,United Arab Emirates,971,Etisalat
424,1060,299,665,ae,United Arab Emirates,971,Failed Calls
424,1060,999,2457,ae,United Arab Emirates,971,Fix Line
234,564,78,1935,gb,United Kingdom,44,Airwave
234,564,29,671,gb,United Kingdom,44,aql
234,564,76,1903,gb,United Kingdom,44,BT Group
234,564,00,15,gb,United Kingdom,44,BT Group
234,564,08,143,gb,United Kingdom,44,BT OnePhone
234,564,18,399,gb,United Kingdom,44,Cloud9
234,564,30,783,gb,United Kingdom,44,T-Mobile
234,564,32,815,gb,United Kingdom,44,T-Mobile
234,564,31,799,gb,United Kingdom,44,T-Mobile
234,564,999,2457,gb,United Kingdom,44,Fix Line
234,564,17,383,gb,United Kingdom,44,FlexTel
234,564,04,79,gb,United Kingdom,44,FMS Solutions
234,564,39,927,gb,United Kingdom,44,Gamma Mobile
234,564,24,591,gb,United Kingdom,44,Greenfone
234,564,72,1839,gb,United Kingdom,44,Hanhaa Mobile
234,564,71,1823,gb,United Kingdom,44,Home Office
234,564,94,2383,gb,United Kingdom,44,3
234,564,20,527,gb,United Kingdom,44,3
234,564,23,575,gb,United Kingdom,44,Icron Network
234,564,03,63,gb,United Kingdom,44,Jersey Airtel
234,564,35,863,gb,United Kingdom,44,JSC Ingenicum
234,564,50,1295,gb,United Kingdom,44,JT Mobile
234,564,14,335,gb,United Kingdom,44,LINK Mobility
234,564,26,623,gb,United Kingdom,44,Lycamobile
234,564,58,1423,gb,United Kingdom,44,Manx Telecom Mobile
234,564,28,655,gb,United Kingdom,44,Marathon Telecom
234,564,75,1887,gb,United Kingdom,44,Mass Response Service GmbH
234,564,56,1391,gb,United Kingdom,44,NCSC
234,564,95,2399,gb,United Kingdom,44,Network Rail
234,564,12,303,gb,United Kingdom,44,Network Rail
234,564,13,319,gb,United Kingdom,44,Network Rail
234,564,51,1311,gb,United Kingdom,44,now broadband
234,564,34,847,gb,United Kingdom,44,Orange
234,564,33,831,gb,United Kingdom,44,Orange
234,564,74,1871,gb,United Kingdom,44,Pareteum
234,564,57,1407,gb,United Kingdom,44,Sky
234,564,40,1039,gb,United Kingdom,44,spusu
234,564,55,1375,gb,United Kingdom,44,Sure Guernsey
234,564,36,879,gb,United Kingdom,44,Sure Isle of Man
234,564,99,2463,gb,United Kingdom,44,Sure Jersey
234,564,37,895,gb,United Kingdom,44,Synectiv
234,564,16,367,gb,United Kingdom,44,Talk Talk
234,564,27,639,gb,United Kingdom,44,Tata Communications Ltd
234,564,11,287,gb,United Kingdom,44,O2
234,564,10,271,gb,United Kingdom,44,O2
234,564,02,47,gb,United Kingdom,44,O2
234,564,22,559,gb,United Kingdom,44,Telesign Mobile
234,564,19,415,gb,United Kingdom,44,TeleWare
234,564,09,159,gb,United Kingdom,44,Tismi
234,564,25,607,gb,United Kingdom,44,Truphone
234,564,01,31,gb,United Kingdom,44,Vectone Mobile
234,564,38,911,gb,United Kingdom,44,Virgin Mobile
234,564,92,2351,gb,United Kingdom,44,Vodafone
234,564,07,127,gb,United Kingdom,44,Vodafone
234,564,15,351,gb,United Kingdom,44,Vodafone
234,564,77,1919,gb,United Kingdom,44,Vodafone
234,564,91,2335,gb,United Kingdom,44,Vodafone
234,564,89,2207,gb,United Kingdom,44,Vodafone
310,784,130,304,us,United States of America,1,Appalachian Wireless
310,784,750,1872,us,United States of America,1,Appalachian Wireless
312,786,130,304,us,United States of America,1,Appalachian Wireless
312,786,750,1872,us,United States of America,1,Appalachian Wireless
312,786,760,1888,us,United States of America,1,ASTAC Cellular
312,786,710,1808,us,United States of America,1,ASTAC Cellular
310,784,710,1808,us,United States of America,1,ASTAC Cellular
310,784,760,1888,us,United States of America,1,ASTAC Cellular
313,787,280,640,us,United States of America,1,AT Mobility
313,787,380,896,us,United States of America,1,AT Mobility
311,785,180,384,us,United States of America,1,AT Mobility
313,787,016,22,us,United States of America,1,AT Mobility
312,786,170,368,us,United States of America,1,AT Mobility
310,784,670,1648,us,United States of America,1,AT Mobility
311,785,670,1648,us,United States of America,1,AT Mobility
310,784,090,144,us,United States of America,1,AT Mobility
313,787,150,336,us,United States of America,1,AT Mobility
311,785,080,128,us,United States of America,1,AT Mobility
312,786,410,1040,us,United States of America,1,AT Mobility
312,786,070,112,us,United States of America,1,AT Mobility
310,784,210,528,us,United States of America,1,AT Mobility
313,787,410,1040,us,United States of America,1,AT Mobility
311,785,210,528,us,United States of America,1,AT Mobility
313,787,030,48,us,United States of America,1,AT Mobility
312,786,180,384,us,United States of America,1,AT Mobility
310,784,680,1664,us,United States of America,1,AT Mobility
311,785,680,1664,us,United States of America,1,AT Mobility
310,784,150,336,us,United States of America,1,AT Mobility
313,787,170,368,us,United States of America,1,AT Mobility
311,785,090,144,us,United States of America,1,AT Mobility
312,786,670,1648,us,United States of America,1,AT Mobility
312,786,080,128,us,United States of America,1,AT Mobility
310,784,280,640,us,United States of America,1,AT Mobility
313,787,670,1648,us,United States of America,1,AT Mobility
311,785,280,640,us,United States of America,1,AT Mobility
310,784,030,48,us,United States of America,1,AT Mobility
313,787,070,112,us,United States of America,1,AT Mobility
311,785,016,22,us,United States of America,1,AT Mobility
312,786,210,528,us,United States of America,1,AT Mobility
310,784,950,2384,us,United States of America,1,AT Mobility
311,785,950,2384,us,United States of America,1,AT Mobility
310,784,170,368,us,United States of America,1,AT Mobility
313,787,180,384,us,United States of America,1,AT Mobility
311,785,150,336,us,United States of America,1,AT Mobility
312,786,680,1664,us,United States of America,1,AT Mobility
310,784,016,22,us,United States of America,1,AT Mobility
312,786,090,144,us,United States of America,1,AT Mobility
310,784,380,896,us,United States of America,1,AT Mobility
313,787,680,1664,us,United States of America,1,AT Mobility
311,785,380,896,us,United States of America,1,AT Mobility
310,784,070,112,us,United States of America,1,AT Mobility
313,787,080,128,us,United States of America,1,AT Mobility
311,785,030,48,us,United States of America,1,AT Mobility
312,786,280,640,us,United States of America,1,AT Mobility
312,786,016,22,us,United States of America,1,AT Mobility
310,784,180,384,us,United States of America,1,AT Mobility
313,787,210,528,us,United States of America,1,AT Mobility
311,785,170,368,us,United States of America,1,AT Mobility
312,786,950,2384,us,United States of America,1,AT Mobility
312,786,150,336,us,United States of America,1,AT Mobility
310,784,410,1040,us,United States of America,1,AT Mobility
313,787,950,2384,us,United States of America,1,AT Mobility
311,785,410,1040,us,United States of America,1,AT Mobility
310,784,080,128,us,United States of America,1,AT Mobility
313,787,090,144,us,United States of America,1,AT Mobility
311,785,070,112,us,United States of America,1,AT Mobility
312,786,380,896,us,United States of America,1,AT Mobility
312,786,030,48,us,United States of America,1,AT Mobility
310,784,600,1536,us,United States of America,1,Cellcom
310,784,630,1584,us,United States of America,1,Choice Wireless
310,784,700,1792,us,United States of America,1,cv cellular
310,784,880,2176,us,United States of America,1,DTC Wireless
310,784,035,53,us,United States of America,1,ETEX
310,784,990,2448,us,United States of America,1,Evolve
310,784,299,665,us,United States of America,1,Failed Calls
310,784,999,2457,us,United States of America,1,Fix Line
311,785,430,1072,us,United States of America,1,GCI Wireless
311,785,370,880,us,United States of America,1,GCI Wireless
310,784,430,1072,us,United States of America,1,GCI Wireless
310,784,690,1680,us,United States of America,1,Limitless
311,785,340,832,us,United States of America,1,Limitless
311,785,690,1680,us,United States of America,1,Limitless
312,786,340,832,us,United States of America,1,Limitless
310,784,340,832,us,United States of America,1,Limitless
312,786,690,1680,us,United States of America,1,Limitless
316,790,299,665,us,United States of America,1,Northstar Technology
312,786,299,665,us,United States of America,1,Northstar Technology
313,787,299,665,us,United States of America,1,Northstar Technology
314,788,299,665,us,United States of America,1,Northstar Technology
310,784,299,665,us,United States of America,1,Northstar Technology
315,789,299,665,us,United States of America,1,Northstar Technology
311,785,299,665,us,United States of America,1,Northstar Technology
310,784,540,1344,us,United States of America,1,OWTC
311,785,570,1392,us,United States of America,1,Pioneer Cellular
313,787,280,640,us,United States of America,1,Pioneer Cellular
310,784,570,1392,us,United States of America,1,Pioneer Cellular
313,787,360,864,us,United States of America,1,Pioneer Cellular
310,784,280,640,us,United States of America,1,Pioneer Cellular
311,785,280,640,us,United States of America,1,Pioneer Cellular
313,787,570,1392,us,United States of America,1,Pioneer Cellular
311,785,360,864,us,United States of America,1,Pioneer Cellular
310,784,360,864,us,United States of America,1,Pioneer Cellular
310,784,880,2176,us,United States of America,1,T-Mobile
312,786,250,592,us,United States of America,1,T-Mobile
316,790,530,1328,us,United States of America,1,T-Mobile
310,784,260,608,us,United States of America,1,T-Mobile
311,785,882,2178,us,United States of America,1,T-Mobile
311,785,270,624,us,United States of America,1,T-Mobile
316,790,160,352,us,United States of America,1,T-Mobile
311,785,010,16,us,United States of America,1,T-Mobile
312,786,660,1632,us,United States of America,1,T-Mobile
316,790,880,2176,us,United States of America,1,T-Mobile
310,784,660,1632,us,United States of America,1,T-Mobile
312,786,190,400,us,United States of America,1,T-Mobile
316,790,250,592,us,United States of America,1,T-Mobile
310,784,200,512,us,United States of America,1,T-Mobile
311,785,800,2048,us,United States of America,1,T-Mobile
311,785,230,560,us,United States of America,1,T-Mobile
312,786,882,2178,us,United States of America,1,T-Mobile
310,784,882,2178,us,United States of America,1,T-Mobile
312,786,260,608,us,United States of America,1,T-Mobile
316,790,660,1632,us,United States of America,1,T-Mobile
310,784,270,624,us,United States of America,1,T-Mobile
311,785,940,2368,us,United States of America,1,T-Mobile
311,785,311,785,us,United States of America,1,T-Mobile
316,790,190,400,us,United States of America,1,T-Mobile
310,784,190,400,us,United States of America,1,T-Mobile
311,785,120,288,us,United States of America,1,T-Mobile
312,786,800,2048,us,United States of America,1,T-Mobile
316,790,882,2178,us,United States of America,1,T-Mobile
310,784,800,2048,us,United States of America,1,T-Mobile
312,786,200,512,us,United States of America,1,T-Mobile
316,790,260,608,us,United States of America,1,T-Mobile
310,784,230,560,us,United States of America,1,T-Mobile
311,785,830,2096,us,United States of America,1,T-Mobile
311,785,240,576,us,United States of America,1,T-Mobile
312,786,940,2368,us,United States of America,1,T-Mobile
310,784,940,2368,us,United States of America,1,T-Mobile
312,786,270,624,us,United States of America,1,T-Mobile
316,790,800,2048,us,United States of America,1,T-Mobile
310,784,310,784,us,United States of America,1,T-Mobile
312,786,010,16,us,United States of America,1,T-Mobile
311,785,490,1168,us,United States of America,1,T-Mobile
316,790,200,512,us,United States of America,1,T-Mobile
310,784,160,352,us,United States of America,1,T-Mobile
311,785,160,352,us,United States of America,1,T-Mobile
312,786,830,2096,us,United States of America,1,T-Mobile
316,790,940,2368,us,United States of America,1,T-Mobile
310,784,830,2096,us,United States of America,1,T-Mobile
312,786,230,560,us,United States of America,1,T-Mobile
316,790,270,624,us,United States of America,1,T-Mobile
310,784,240,576,us,United States of America,1,T-Mobile
311,785,870,2160,us,United States of America,1,T-Mobile
311,785,250,592,us,United States of America,1,T-Mobile
316,790,010,16,us,United States of America,1,T-Mobile
312,786,490,1168,us,United States of America,1,T-Mobile
316,790,830,2096,us,United States of America,1,T-Mobile
310,784,490,1168,us,United States of America,1,T-Mobile
312,786,120,288,us,United States of America,1,T-Mobile
311,785,530,1328,us,United States of America,1,T-Mobile
316,790,230,560,us,United States of America,1,T-Mobile
310,784,120,288,us,United States of America,1,T-Mobile
311,785,190,400,us,United States of America,1,T-Mobile
312,786,870,2160,us,United States of America,1,T-Mobile
310,784,870,2160,us,United States of America,1,T-Mobile
312,786,240,576,us,United States of America,1,T-Mobile
316,790,490,1168,us,United States of America,1,T-Mobile
310,784,250,592,us,United States of America,1,T-Mobile
311,785,880,2176,us,United States of America,1,T-Mobile
311,785,260,608,us,United States of America,1,T-Mobile
316,790,120,288,us,United States of America,1,T-Mobile
312,786,530,1328,us,United States of America,1,T-Mobile
316,790,870,2160,us,United States of America,1,T-Mobile
310,784,530,1328,us,United States of America,1,T-Mobile
312,786,160,352,us,United States of America,1,T-Mobile
311,785,660,1632,us,United States of America,1,T-Mobile
316,790,240,576,us,United States of America,1,T-Mobile
310,784,010,16,us,United States of America,1,T-Mobile
311,785,200,512,us,United States of America,1,T-Mobile
312,786,880,2176,us,United States of America,1,T-Mobile
310,784,020,32,us,United States of America,1,Union Wireless
310,784,287,647,us,United States of America,1,Verizon Wireless
311,785,481,1153,us,United States of America,1,Verizon Wireless
312,786,487,1159,us,United States of America,1,Verizon Wireless
310,784,013,19,us,United States of America,1,Verizon Wireless
310,784,895,2197,us,United States of America,1,Verizon Wireless
312,786,012,18,us,United States of America,1,Verizon Wireless
311,785,284,644,us,United States of America,1,Verizon Wireless
312,786,350,848,us,United States of America,1,Verizon Wireless
310,784,598,1432,us,United States of America,1,Verizon Wireless
311,785,892,2194,us,United States of America,1,Verizon Wireless
312,786,898,2200,us,United States of America,1,Verizon Wireless
311,785,275,629,us,United States of America,1,Verizon Wireless
312,786,281,641,us,United States of America,1,Verizon Wireless
310,784,489,1161,us,United States of America,1,Verizon Wireless
311,785,595,1429,us,United States of America,1,Verizon Wireless
312,786,820,2080,us,United States of America,1,Verizon Wireless
311,785,486,1158,us,United States of America,1,Verizon Wireless
312,786,592,1426,us,United States of America,1,Verizon Wireless
310,784,273,627,us,United States of America,1,Verizon Wireless
310,784,910,2320,us,United States of America,1,Verizon Wireless
312,786,272,626,us,United States of America,1,Verizon Wireless
310,784,480,1152,us,United States of America,1,Verizon Wireless
310,784,283,643,us,United States of America,1,Verizon Wireless
311,785,289,649,us,United States of America,1,Verizon Wireless
312,786,483,1155,us,United States of America,1,Verizon Wireless
310,784,891,2193,us,United States of America,1,Verizon Wireless
311,785,897,2199,us,United States of America,1,Verizon Wireless
311,785,280,640,us,United States of America,1,Verizon Wireless
312,786,286,646,us,United States of America,1,Verizon Wireless
310,784,594,1428,us,United States of America,1,Verizon Wireless
311,785,770,1904,us,United States of America,1,Verizon Wireless
312,786,894,2196,us,United States of America,1,Verizon Wireless
312,786,597,1431,us,United States of America,1,Verizon Wireless
310,784,278,632,us,United States of America,1,Verizon Wireless
311,785,271,625,us,United States of America,1,Verizon Wireless
312,786,277,631,us,United States of America,1,Verizon Wireless
310,784,485,1157,us,United States of America,1,Verizon Wireless
311,785,591,1425,us,United States of America,1,Verizon Wireless
310,784,288,648,us,United States of America,1,Verizon Wireless
311,785,482,1154,us,United States of America,1,Verizon Wireless
312,786,488,1160,us,United States of America,1,Verizon Wireless
310,784,110,272,us,United States of America,1,Verizon Wireless
310,784,896,2198,us,United States of America,1,Verizon Wireless
312,786,013,19,us,United States of America,1,Verizon Wireless
311,785,285,645,us,United States of America,1,Verizon Wireless
312,786,390,912,us,United States of America,1,Verizon Wireless
310,784,599,1433,us,United States of America,1,Verizon Wireless
311,785,893,2195,us,United States of America,1,Verizon Wireless
312,786,899,2201,us,United States of America,1,Verizon Wireless
311,785,276,630,us,United States of America,1,Verizon Wireless
312,786,282,642,us,United States of America,1,Verizon Wireless
310,784,590,1424,us,United States of America,1,Verizon Wireless
311,785,596,1430,us,United States of America,1,Verizon Wireless
312,786,890,2192,us,United States of America,1,Verizon Wireless
311,785,487,1159,us,United States of America,1,Verizon Wireless
312,786,593,1427,us,United States of America,1,Verizon Wireless
310,784,274,628,us,United States of America,1,Verizon Wireless
311,785,012,18,us,United States of America,1,Verizon Wireless
312,786,273,627,us,United States of America,1,Verizon Wireless
310,784,481,1153,us,United States of America,1,Verizon Wireless
310,784,284,644,us,United States of America,1,Verizon Wireless
311,785,350,848,us,United States of America,1,Verizon Wireless
312,786,484,1156,us,United States of America,1,Verizon Wireless
310,784,892,2194,us,United States of America,1,Verizon Wireless
311,785,898,2200,us,United States of America,1,Verizon Wireless
311,785,281,641,us,United States of America,1,Verizon Wireless
312,786,287,647,us,United States of America,1,Verizon Wireless
310,784,595,1429,us,United States of America,1,Verizon Wireless
311,785,820,2080,us,United States of America,1,Verizon Wireless
312,786,895,2197,us,United States of America,1,Verizon Wireless
310,784,279,633,us,United States of America,1,Verizon Wireless
311,785,272,626,us,United States of America,1,Verizon Wireless
312,786,278,632,us,United States of America,1,Verizon Wireless
310,784,486,1158,us,United States of America,1,Verizon Wireless
311,785,592,1426,us,United States of America,1,Verizon Wireless
312,786,598,1432,us,United States of America,1,Verizon Wireless
310,784,289,649,us,United States of America,1,Verizon Wireless
311,785,483,1155,us,United States of America,1,Verizon Wireless
312,786,489,1161,us,United States of America,1,Verizon Wireless
310,784,897,2199,us,United States of America,1,Verizon Wireless
312,786,110,272,us,United States of America,1,Verizon Wireless
311,785,286,646,us,United States of America,1,Verizon Wireless
312,786,480,1152,us,United States of America,1,Verizon Wireless
310,784,770,1904,us,United States of America,1,Verizon Wireless
311,785,894,2196,us,United States of America,1,Verizon Wireless
312,786,910,2320,us,United States of America,1,Verizon Wireless
311,785,277,631,us,United States of America,1,Verizon Wireless
312,786,283,643,us,United States of America,1,Verizon Wireless
310,784,591,1425,us,United States of America,1,Verizon Wireless
311,785,597,1431,us,United States of America,1,Verizon Wireless
312,786,891,2193,us,United States of America,1,Verizon Wireless
312,786,594,1428,us,United States of America,1,Verizon Wireless
310,784,275,629,us,United States of America,1,Verizon Wireless
311,785,013,19,us,United States of America,1,Verizon Wireless
312,786,274,628,us,United States of America,1,Verizon Wireless
310,784,482,1154,us,United States of America,1,Verizon Wireless
311,785,488,1160,us,United States of America,1,Verizon Wireless
310,784,285,645,us,United States of America,1,Verizon Wireless
311,785,390,912,us,United States of America,1,Verizon Wireless
312,786,485,1157,us,United States of America,1,Verizon Wireless
310,784,893,2195,us,United States of America,1,Verizon Wireless
311,785,899,2201,us,United States of America,1,Verizon Wireless
311,785,282,642,us,United States of America,1,Verizon Wireless
312,786,288,648,us,United States of America,1,Verizon Wireless
310,784,596,1430,us,United States of America,1,Verizon Wireless
311,785,890,2192,us,United States of America,1,Verizon Wireless
312,786,896,2198,us,United States of America,1,Verizon Wireless
310,784,280,640,us,United States of America,1,Verizon Wireless
311,785,273,627,us,United States of America,1,Verizon Wireless
312,786,279,633,us,United States of America,1,Verizon Wireless
310,784,487,1159,us,United States of America,1,Verizon Wireless
311,785,593,1427,us,United States of America,1,Verizon Wireless
312,786,599,1433,us,United States of America,1,Verizon Wireless
311,785,484,1156,us,United States of America,1,Verizon Wireless
312,786,590,1424,us,United States of America,1,Verizon Wireless
310,784,271,625,us,United States of America,1,Verizon Wireless
310,784,898,2200,us,United States of America,1,Verizon Wireless
310,784,350,848,us,United States of America,1,Verizon Wireless
311,785,287,647,us,United States of America,1,Verizon Wireless
312,786,481,1153,us,United States of America,1,Verizon Wireless
310,784,820,2080,us,United States of America,1,Verizon Wireless
311,785,895,2197,us,United States of America,1,Verizon Wireless
311,785,278,632,us,United States of America,1,Verizon Wireless
312,786,284,644,us,United States of America,1,Verizon Wireless
310,784,592,1426,us,United States of America,1,Verizon Wireless
311,785,598,1432,us,United States of America,1,Verizon Wireless
312,786,892,2194,us,United States of America,1,Verizon Wireless
312,786,595,1429,us,United States of America,1,Verizon Wireless
310,784,276,630,us,United States of America,1,Verizon Wireless
311,785,110,272,us,United States of America,1,Verizon Wireless
312,786,275,629,us,United States of America,1,Verizon Wireless
310,784,483,1155,us,United States of America,1,Verizon Wireless
311,785,489,1161,us,United States of America,1,Verizon Wireless
310,784,286,646,us,United States of America,1,Verizon Wireless
311,785,480,1152,us,United States of America,1,Verizon Wireless
312,786,486,1158,us,United States of America,1,Verizon Wireless
310,784,012,18,us,United States of America,1,Verizon Wireless
310,784,894,2196,us,United States of America,1,Verizon Wireless
311,785,910,2320,us,United States of America,1,Verizon Wireless
311,785,283,643,us,United States of America,1,Verizon Wireless
312,786,289,649,us,United States of America,1,Verizon Wireless
310,784,597,1431,us,United States of America,1,Verizon Wireless
311,785,891,2193,us,United States of America,1,Verizon Wireless
312,786,897,2199,us,United States of America,1,Verizon Wireless
310,784,281,641,us,United States of America,1,Verizon Wireless
311,785,274,628,us,United States of America,1,Verizon Wireless
312,786,280,640,us,United States of America,1,Verizon Wireless
310,784,488,1160,us,United States of America,1,Verizon Wireless
311,785,594,1428,us,United States of America,1,Verizon Wireless
312,786,770,1904,us,United States of America,1,Verizon Wireless
311,785,485,1157,us,United States of America,1,Verizon Wireless
312,786,591,1425,us,United States of America,1,Verizon Wireless
310,784,272,626,us,United States of America,1,Verizon Wireless
310,784,899,2201,us,United States of America,1,Verizon Wireless
312,786,271,625,us,United States of America,1,Verizon Wireless
310,784,390,912,us,United States of America,1,Verizon Wireless
310,784,282,642,us,United States of America,1,Verizon Wireless
311,785,288,648,us,United States of America,1,Verizon Wireless
312,786,482,1154,us,United States of America,1,Verizon Wireless
310,784,890,2192,us,United States of America,1,Verizon Wireless
311,785,896,2198,us,United States of America,1,Verizon Wireless
311,785,279,633,us,United States of America,1,Verizon Wireless
312,786,285,645,us,United States of America,1,Verizon Wireless
310,784,593,1427,us,United States of America,1,Verizon Wireless
311,785,599,1433,us,United States of America,1,Verizon Wireless
312,786,893,2195,us,United States of America,1,Verizon Wireless
312,786,596,1430,us,United States of America,1,Verizon Wireless
310,784,277,631,us,United States of America,1,Verizon Wireless
312,786,276,630,us,United States of America,1,Verizon Wireless
310,784,484,1156,us,United States of America,1,Verizon Wireless
311,785,590,1424,us,United States of America,1,Verizon Wireless
310,784,740,1856,us,United States of America,1,Viaero Wireless
310,784,450,1104,us,United States of America,1,Viaero Wireless
310,784,860,2144,us,United States of America,1,West Central Wireless
748,1864,01,31,uy,Uruguay,598,Antel Movil
748,1864,10,271,uy,Uruguay,598,Claro
748,1864,299,665,uy,Uruguay,598,Failed Calls
748,1864,999,2457,uy,Uruguay,598,Fix Line
748,1864,07,127,uy,Uruguay,598,Movistar
434,1076,04,79,uz,Uzbekistan,998,Beeline
434,1076,299,665,uz,Uzbekistan,998,Failed Calls
434,1076,999,2457,uz,Uzbekistan,998,Fix Line
434,1076,06,111,uz,Uzbekistan,998,Perfectum Mobile
434,1076,05,95,uz,Uzbekistan,998,Ucell
434,1076,07,127,uz,Uzbekistan,998,UMS
434,1076,03,63,uz,Uzbekistan,998,UzMobile
541,1345,05,95,vu,Vanuatu,678,Digicel
541,1345,299,665,vu,Vanuatu,678,Failed Calls
541,1345,999,2457,vu,Vanuatu,678,Fix Line
541,1345,01,31,vu,Vanuatu,678,Smile
225,549,299,665,va,Vatican,,Failed Calls
225,549,999,2457,va,Vatican,,Fix Line
734,1844,02,47,ve,Venezuela,58,Digitel
734,1844,299,665,ve,Venezuela,58,Failed Calls
734,1844,999,2457,ve,Venezuela,58,Fix Line
734,1844,06,111,ve,Venezuela,58,Movilnet
734,1844,04,79,ve,Venezuela,58,Movistar
452,1106,299,665,vn,Vietnam,84,Failed Calls
452,1106,999,2457,vn,Vietnam,84,Fix Line
452,1106,07,127,vn,Vietnam,84,Gmobile
452,1106,08,143,vn,Vietnam,84,I-Telecom
452,1106,01,31,vn,Vietnam,84,MobiFone
452,1106,09,159,vn,Vietnam,84,Reddi
452,1106,05,95,vn,Vietnam,84,Vietnamobile
452,1106,06,111,vn,Vietnam,84,Viettel
452,1106,04,79,vn,Vietnam,84,Viettel
452,1106,02,47,vn,Vietnam,84,VinaPhone
376,886,299,665,vi,Virgin Islands,1340,Failed Calls
376,886,999,2457,vi,Virgin Islands,1340,Fix Line
543,1347,299,665,wf,Wallis and Futuna,,Failed Calls
543,1347,999,2457,wf,Wallis and Futuna,,Fix Line
543,1347,01,31,wf,Wallis and Futuna,,Manuia
421,1057,299,665,ye,Yemen,967,Failed Calls
421,1057,999,2457,ye,Yemen,967,Fix Line
421,1057,01,31,ye,Yemen,967,SabaFon
421,1057,02,47,ye,Yemen,967,Spacetel
421,1057,04,79,ye,Yemen,967,Y
421,1057,03,63,ye,Yemen,967,Yemen Mobile
645,1605,01,31,zm,Zambia,260,Airtel
645,1605,299,665,zm,Zambia,260,Failed Calls
645,1605,999,2457,zm,Zambia,260,Fix Line
645,1605,02,47,zm,Zambia,260,MTN
645,1605,03,63,zm,Zambia,260,Zamtel
648,1608,04,79,zw,Zimbabwe,263,Econet
648,1608,299,665,zw,Zimbabwe,263,Failed Calls
648,1608,999,2457,zw,Zimbabwe,263,Fix Line
648,1608,01,31,zw,Zimbabwe,263,NetOne
648,1608,03,63,zw,Zimbabwe,263,Telecel
